"Game","ItemName","Category","WeaponClass","Rarity","StyleName","Theme","Origin","Source"
"Diablo IV","Battle Halberd","2H Axe","2H Weapon","Rare","Battle Halberd",,"Base","https://docs.google.com/spreadsheets/d/1ntoEmBH1AT6CWFz00dGHvN29rKW81Lik7MLHo4qpIjk/edit"
"Diablo IV","Battleworn Crescent","2H Axe","2H Weapon","Rare","Battleworn Crescent",,"Base","https://docs.google.com/spreadsheets/d/1ntoEmBH1AT6CWFz00dGHvN29rKW81Lik7MLHo4qpIjk/edit"
"Diablo IV","Bloodsweep (1)","2H Axe","2H Weapon","Rare","Bloodsweep",,"Base","https://docs.google.com/spreadsheets/d/1ntoEmBH1AT6CWFz00dGHvN29rKW81Lik7MLHo4qpIjk/edit"
"Diablo IV","Bloodsweep (2)","2H Axe","2H Weapon","Rare","Bloodsweep",,"Base","https://docs.google.com/spreadsheets/d/1ntoEmBH1AT6CWFz00dGHvN29rKW81Lik7MLHo4qpIjk/edit"
"Diablo IV","Carved Maul (1)","2H Axe","2H Weapon","Rare","Carved Maul",,"VOH","https://docs.google.com/spreadsheets/d/1ntoEmBH1AT6CWFz00dGHvN29rKW81Lik7MLHo4qpIjk/edit"
"Diablo IV","Carved Maul (2)","2H Axe","2H Weapon","Rare","Carved Maul",,"VOH","https://docs.google.com/spreadsheets/d/1ntoEmBH1AT6CWFz00dGHvN29rKW81Lik7MLHo4qpIjk/edit"
"Diablo IV","Cleaver","2H Axe","2H Weapon","Magic","Forester's Axe",,"Base","https://docs.google.com/spreadsheets/d/1ntoEmBH1AT6CWFz00dGHvN29rKW81Lik7MLHo4qpIjk/edit"
"Diablo IV","Double Axe","2H Axe","2H Weapon","Magic","Double Axe",,"Base","https://docs.google.com/spreadsheets/d/1ntoEmBH1AT6CWFz00dGHvN29rKW81Lik7MLHo4qpIjk/edit"
"Diablo IV","Forester's Axe","2H Axe","2H Weapon","Magic","Forester's Axe",,"Base","https://docs.google.com/spreadsheets/d/1ntoEmBH1AT6CWFz00dGHvN29rKW81Lik7MLHo4qpIjk/edit"
"Diablo IV","GraveKeeper's Axe","2H Axe","2H Weapon","Rare","GraveKeeper's Axe",,"Base","https://docs.google.com/spreadsheets/d/1ntoEmBH1AT6CWFz00dGHvN29rKW81Lik7MLHo4qpIjk/edit"
"Diablo IV","Great Axe","2H Axe","2H Weapon","Magic","Great Axe",,"Base","https://docs.google.com/spreadsheets/d/1ntoEmBH1AT6CWFz00dGHvN29rKW81Lik7MLHo4qpIjk/edit"
"Diablo IV","Heavy Axe","2H Axe","2H Weapon","Rare","Battleworn Crescent",,"Base","https://docs.google.com/spreadsheets/d/1ntoEmBH1AT6CWFz00dGHvN29rKW81Lik7MLHo4qpIjk/edit"
"Diablo IV","Iron Axe (1)","2H Axe","2H Weapon","Rare","Iron Axe",,"Base","https://docs.google.com/spreadsheets/d/1ntoEmBH1AT6CWFz00dGHvN29rKW81Lik7MLHo4qpIjk/edit"
"Diablo IV","Iron Axe (2)","2H Axe","2H Weapon","Rare","Iron Axe",,"Base","https://docs.google.com/spreadsheets/d/1ntoEmBH1AT6CWFz00dGHvN29rKW81Lik7MLHo4qpIjk/edit"
"Diablo IV","King Maker","2H Axe","2H Weapon","Rare","King Maker",,"Base","https://docs.google.com/spreadsheets/d/1ntoEmBH1AT6CWFz00dGHvN29rKW81Lik7MLHo4qpIjk/edit"
"Diablo IV","Large Axe","2H Axe","2H Weapon","Rare","Forester's Axe",,"Base","https://docs.google.com/spreadsheets/d/1ntoEmBH1AT6CWFz00dGHvN29rKW81Lik7MLHo4qpIjk/edit"
"Diablo IV","Lumber Axe","2H Axe","2H Weapon","Common","Lumber Axe",,"Base","https://docs.google.com/spreadsheets/d/1ntoEmBH1AT6CWFz00dGHvN29rKW81Lik7MLHo4qpIjk/edit"
"Diablo IV","Manfilth","2H Axe","2H Weapon","Rare","Iron Axe",,"VOH","https://docs.google.com/spreadsheets/d/1ntoEmBH1AT6CWFz00dGHvN29rKW81Lik7MLHo4qpIjk/edit"
"Diablo IV","Military Axe","2H Axe","2H Weapon","Rare","Great Axe",,"Base","https://docs.google.com/spreadsheets/d/1ntoEmBH1AT6CWFz00dGHvN29rKW81Lik7MLHo4qpIjk/edit"
"Diablo IV","Owlseys Maul","2H Axe","2H Weapon","Rare","Owlseys Maul",,"LOH","https://docs.google.com/spreadsheets/d/1ntoEmBH1AT6CWFz00dGHvN29rKW81Lik7MLHo4qpIjk/edit"
"Diablo IV","Raekor's Valor","2H Axe","2H Weapon","Rare","Cannibal's Chopper",,"Base","https://docs.google.com/spreadsheets/d/1ntoEmBH1AT6CWFz00dGHvN29rKW81Lik7MLHo4qpIjk/edit"
"Diablo IV","Windslicer","2H Axe","2H Weapon","Magic","Great Axe",,"Base","https://docs.google.com/spreadsheets/d/1ntoEmBH1AT6CWFz00dGHvN29rKW81Lik7MLHo4qpIjk/edit"
"Diablo IV","Ashworn Finger","2H Mace","2H Weapon","Rare","War Mallet",,"LOH","https://docs.google.com/spreadsheets/d/1ntoEmBH1AT6CWFz00dGHvN29rKW81Lik7MLHo4qpIjk/edit"
"Diablo IV","Crag Hammer","2H Mace","2H Weapon","Rare","Iron Mauler",,"Base","https://docs.google.com/spreadsheets/d/1ntoEmBH1AT6CWFz00dGHvN29rKW81Lik7MLHo4qpIjk/edit"
"Diablo IV","Crude Cudgel","2H Mace","2H Weapon","Magic","Two-Handed Hammer (1)","Missing","Base","https://docs.google.com/spreadsheets/d/1ntoEmBH1AT6CWFz00dGHvN29rKW81Lik7MLHo4qpIjk/edit"
"Diablo IV","Crude Hammer","2H Mace","2H Weapon","Magic","Demolisher",,"Base","https://docs.google.com/spreadsheets/d/1ntoEmBH1AT6CWFz00dGHvN29rKW81Lik7MLHo4qpIjk/edit"
"Diablo IV","Cudgel","2H Mace","2H Weapon","Magic","Two-Handed Hammer (1)","Missing","Base","https://docs.google.com/spreadsheets/d/1ntoEmBH1AT6CWFz00dGHvN29rKW81Lik7MLHo4qpIjk/edit"
"Diablo IV","Demolisher","2H Mace","2H Weapon","Rare","Demolisher",,"Base","https://docs.google.com/spreadsheets/d/1ntoEmBH1AT6CWFz00dGHvN29rKW81Lik7MLHo4qpIjk/edit"
"Diablo IV","Dire Mace","2H Mace","2H Weapon","Rare","Dire Mace",,"Base","https://docs.google.com/spreadsheets/d/1ntoEmBH1AT6CWFz00dGHvN29rKW81Lik7MLHo4qpIjk/edit"
"Diablo IV","Feral Mace","2H Mace","2H Weapon","Rare","Skull Crusher",,"Base","https://docs.google.com/spreadsheets/d/1ntoEmBH1AT6CWFz00dGHvN29rKW81Lik7MLHo4qpIjk/edit"
"Diablo IV","Great Hammer","2H Mace","2H Weapon","Rare","Great Hammer",,"Base","https://docs.google.com/spreadsheets/d/1ntoEmBH1AT6CWFz00dGHvN29rKW81Lik7MLHo4qpIjk/edit"
"Diablo IV","Great Maul","2H Mace","2H Weapon","Rare","Great Maul",,"Base","https://docs.google.com/spreadsheets/d/1ntoEmBH1AT6CWFz00dGHvN29rKW81Lik7MLHo4qpIjk/edit"
"Diablo IV","Greater Maul","2H Mace","2H Weapon","Rare","Greater Maul",,"Base","https://docs.google.com/spreadsheets/d/1ntoEmBH1AT6CWFz00dGHvN29rKW81Lik7MLHo4qpIjk/edit"
"Diablo IV","Grizzly's Maul","2H Mace","2H Weapon","Rare","Two-Handed Hammer (2)",,"Base","https://docs.google.com/spreadsheets/d/1ntoEmBH1AT6CWFz00dGHvN29rKW81Lik7MLHo4qpIjk/edit"
"Diablo IV","Hammer","2H Mace","2H Weapon","Common","Two-Handed Hammer (1)","Missing","Base","https://docs.google.com/spreadsheets/d/1ntoEmBH1AT6CWFz00dGHvN29rKW81Lik7MLHo4qpIjk/edit"
"Diablo IV","Iron Mauler","2H Mace","2H Weapon","Rare","Iron Mauler",,"Base","https://docs.google.com/spreadsheets/d/1ntoEmBH1AT6CWFz00dGHvN29rKW81Lik7MLHo4qpIjk/edit"
"Diablo IV","Laborer's Hammer","2H Mace","2H Weapon","Magic","Skull Crusher",,"Base","https://docs.google.com/spreadsheets/d/1ntoEmBH1AT6CWFz00dGHvN29rKW81Lik7MLHo4qpIjk/edit"
"Diablo IV","Mallet","2H Mace","2H Weapon","Rare","Great Maul",,"Base","https://docs.google.com/spreadsheets/d/1ntoEmBH1AT6CWFz00dGHvN29rKW81Lik7MLHo4qpIjk/edit"
"Diablo IV","Maul","2H Mace","2H Weapon","Magic","War Hammer",,"Base","https://docs.google.com/spreadsheets/d/1ntoEmBH1AT6CWFz00dGHvN29rKW81Lik7MLHo4qpIjk/edit"
"Diablo IV","Rock Breaker","2H Mace","2H Weapon","Rare","Demolisher",,"Base","https://docs.google.com/spreadsheets/d/1ntoEmBH1AT6CWFz00dGHvN29rKW81Lik7MLHo4qpIjk/edit"
"Diablo IV","Sharpened Mace (1)","2H Mace","2H Weapon","Rare","Sharpened Mace",,"VOH","https://docs.google.com/spreadsheets/d/1ntoEmBH1AT6CWFz00dGHvN29rKW81Lik7MLHo4qpIjk/edit"
"Diablo IV","Sharpened Mace (2)","2H Mace","2H Weapon","Rare","Sharpened Mace",,"VOH","https://docs.google.com/spreadsheets/d/1ntoEmBH1AT6CWFz00dGHvN29rKW81Lik7MLHo4qpIjk/edit"
"Diablo IV","Silver Maul","2H Mace","2H Weapon","Rare","Silver Maul",,"LOH","https://docs.google.com/spreadsheets/d/1ntoEmBH1AT6CWFz00dGHvN29rKW81Lik7MLHo4qpIjk/edit"
"Diablo IV","Skull Crusher","2H Mace","2H Weapon","Rare","Skull Crusher",,"Base","https://docs.google.com/spreadsheets/d/1ntoEmBH1AT6CWFz00dGHvN29rKW81Lik7MLHo4qpIjk/edit"
"Diablo IV","Sledge Hammer","2H Mace","2H Weapon","Rare","Sledge Hammer",,"Base","https://docs.google.com/spreadsheets/d/1ntoEmBH1AT6CWFz00dGHvN29rKW81Lik7MLHo4qpIjk/edit"
"Diablo IV","Two-Handed Hammer","2H Mace","2H Weapon","Magic","Iron Mauler",,"Base","https://docs.google.com/spreadsheets/d/1ntoEmBH1AT6CWFz00dGHvN29rKW81Lik7MLHo4qpIjk/edit"
"Diablo IV","Two-Handed Hammer","2H Mace","2H Weapon","Magic","Two-Handed Hammer (1)","Missing","Base","https://docs.google.com/spreadsheets/d/1ntoEmBH1AT6CWFz00dGHvN29rKW81Lik7MLHo4qpIjk/edit"
"Diablo IV","Two-Handed Hammer","2H Mace","2H Weapon","Common","Two-Handed Hammer (2)",,"Base","https://docs.google.com/spreadsheets/d/1ntoEmBH1AT6CWFz00dGHvN29rKW81Lik7MLHo4qpIjk/edit"
"Diablo IV","War Hammer","2H Mace","2H Weapon","Rare","War Hammer",,"Base","https://docs.google.com/spreadsheets/d/1ntoEmBH1AT6CWFz00dGHvN29rKW81Lik7MLHo4qpIjk/edit"
"Diablo IV","War Mallet","2H Mace","2H Weapon","Rare","War Mallet",,"Base","https://docs.google.com/spreadsheets/d/1ntoEmBH1AT6CWFz00dGHvN29rKW81Lik7MLHo4qpIjk/edit"
"Diablo IV","Compassion","2H Scythe","2H Weapon","Rare","Compassion",,"Base","https://docs.google.com/spreadsheets/d/1ntoEmBH1AT6CWFz00dGHvN29rKW81Lik7MLHo4qpIjk/edit"
"Diablo IV","Forgotten Scythe","2H Scythe","2H Weapon","Rare","Forgotten Scythe",,"Base","https://docs.google.com/spreadsheets/d/1ntoEmBH1AT6CWFz00dGHvN29rKW81Lik7MLHo4qpIjk/edit"
"Diablo IV","Grave Striker","2H Scythe","2H Weapon","Rare","Grave Striker",,"Base","https://docs.google.com/spreadsheets/d/1ntoEmBH1AT6CWFz00dGHvN29rKW81Lik7MLHo4qpIjk/edit"
"Diablo IV","Heavy Scythe","2H Scythe","2H Weapon","Magic","Heavy Scythe",,"Base","https://docs.google.com/spreadsheets/d/1ntoEmBH1AT6CWFz00dGHvN29rKW81Lik7MLHo4qpIjk/edit"
"Diablo IV","Hell's Fang","2H Scythe","2H Weapon","Rare","Steel Scythe",,"Base","https://docs.google.com/spreadsheets/d/1ntoEmBH1AT6CWFz00dGHvN29rKW81Lik7MLHo4qpIjk/edit"
"Diablo IV","Proudshear","2H Scythe","2H Weapon","Rare","Proudshear",,"LOH","https://docs.google.com/spreadsheets/d/1ntoEmBH1AT6CWFz00dGHvN29rKW81Lik7MLHo4qpIjk/edit"
"Diablo IV","Reaping Scythe","2H Scythe","2H Weapon","Rare","Reaping Scythe",,"Base","https://docs.google.com/spreadsheets/d/1ntoEmBH1AT6CWFz00dGHvN29rKW81Lik7MLHo4qpIjk/edit"
"Diablo IV","Scythe","2H Scythe","2H Weapon","Magic","Heavy Scythe",,"Base","https://docs.google.com/spreadsheets/d/1ntoEmBH1AT6CWFz00dGHvN29rKW81Lik7MLHo4qpIjk/edit"
"Diablo IV","Scythe","2H Scythe","2H Weapon","Common","Scythe",,"Base","https://docs.google.com/spreadsheets/d/1ntoEmBH1AT6CWFz00dGHvN29rKW81Lik7MLHo4qpIjk/edit"
"Diablo IV","Sharp Scythe","2H Scythe","2H Weapon","Rare","Skull Reaper",,"Base","https://docs.google.com/spreadsheets/d/1ntoEmBH1AT6CWFz00dGHvN29rKW81Lik7MLHo4qpIjk/edit"
"Diablo IV","Sharpened Scythe (1)","2H Scythe","2H Weapon","Rare","Sharpened Scythe",,"VOH","https://docs.google.com/spreadsheets/d/1ntoEmBH1AT6CWFz00dGHvN29rKW81Lik7MLHo4qpIjk/edit"
"Diablo IV","Sharpened Scythe (2)","2H Scythe","2H Weapon","Rare","Sharpened Scythe",,"VOH","https://docs.google.com/spreadsheets/d/1ntoEmBH1AT6CWFz00dGHvN29rKW81Lik7MLHo4qpIjk/edit"
"Diablo IV","Silver Gouger","2H Scythe","2H Weapon","Rare","Silver Gouger",,"Base","https://docs.google.com/spreadsheets/d/1ntoEmBH1AT6CWFz00dGHvN29rKW81Lik7MLHo4qpIjk/edit"
"Diablo IV","Skull Reaper","2H Scythe","2H Weapon","Rare","Skull Reaper",,"Base","https://docs.google.com/spreadsheets/d/1ntoEmBH1AT6CWFz00dGHvN29rKW81Lik7MLHo4qpIjk/edit"
"Diablo IV","Steel Scythe","2H Scythe","2H Weapon","Rare","Reaping Scythe",,"Base","https://docs.google.com/spreadsheets/d/1ntoEmBH1AT6CWFz00dGHvN29rKW81Lik7MLHo4qpIjk/edit"
"Diablo IV","Steel Scythe","2H Scythe","2H Weapon","Rare","Steel Scythe",,"Base","https://docs.google.com/spreadsheets/d/1ntoEmBH1AT6CWFz00dGHvN29rKW81Lik7MLHo4qpIjk/edit"
"Diablo IV","The End","2H Scythe","2H Weapon","Rare","The End",,"Base","https://docs.google.com/spreadsheets/d/1ntoEmBH1AT6CWFz00dGHvN29rKW81Lik7MLHo4qpIjk/edit"
"Diablo IV","Weathered Scythe","2H Scythe","2H Weapon","Rare","Weathered Scythe",,"Base","https://docs.google.com/spreadsheets/d/1ntoEmBH1AT6CWFz00dGHvN29rKW81Lik7MLHo4qpIjk/edit"
"Diablo IV","Anointing Edge","2H Sword","2H Weapon","Rare","Anointing Edge",,"LOH","https://docs.google.com/spreadsheets/d/1ntoEmBH1AT6CWFz00dGHvN29rKW81Lik7MLHo4qpIjk/edit"
"Diablo IV","Askari Razor","2H Sword","2H Weapon","Rare","Askari Razor",,"LOH","https://docs.google.com/spreadsheets/d/1ntoEmBH1AT6CWFz00dGHvN29rKW81Lik7MLHo4qpIjk/edit"
"Diablo IV","Basic Greatsword","2H Sword","2H Weapon","Magic","Claymore",,"Base","https://docs.google.com/spreadsheets/d/1ntoEmBH1AT6CWFz00dGHvN29rKW81Lik7MLHo4qpIjk/edit"
"Diablo IV","Bastard Sword","2H Sword","2H Weapon","Rare","Bastard Sword",,"Base","https://docs.google.com/spreadsheets/d/1ntoEmBH1AT6CWFz00dGHvN29rKW81Lik7MLHo4qpIjk/edit"
"Diablo IV","Claymore","2H Sword","2H Weapon","Magic","Claymore",,"Base","https://docs.google.com/spreadsheets/d/1ntoEmBH1AT6CWFz00dGHvN29rKW81Lik7MLHo4qpIjk/edit"
"Diablo IV","Claymore","2H Sword","2H Weapon","Magic","Great Sword",,"Base","https://docs.google.com/spreadsheets/d/1ntoEmBH1AT6CWFz00dGHvN29rKW81Lik7MLHo4qpIjk/edit"
"Diablo IV","Flamberge (1)","2H Sword","2H Weapon","Rare","Flamberge",,"Base","https://docs.google.com/spreadsheets/d/1ntoEmBH1AT6CWFz00dGHvN29rKW81Lik7MLHo4qpIjk/edit"
"Diablo IV","Flamberge (2)","2H Sword","2H Weapon","Rare","Flamberge",,"Base","https://docs.google.com/spreadsheets/d/1ntoEmBH1AT6CWFz00dGHvN29rKW81Lik7MLHo4qpIjk/edit"
"Diablo IV","Giant Sword (1)","2H Sword","2H Weapon","Magic","Giant Sword",,"Base","https://docs.google.com/spreadsheets/d/1ntoEmBH1AT6CWFz00dGHvN29rKW81Lik7MLHo4qpIjk/edit"
"Diablo IV","Giant Sword (2)","2H Sword","2H Weapon","Rare","Giant Sword",,"Base","https://docs.google.com/spreadsheets/d/1ntoEmBH1AT6CWFz00dGHvN29rKW81Lik7MLHo4qpIjk/edit"
"Diablo IV","Gothic Blade (1)","2H Sword","2H Weapon","Rare","Gothic Blade",,"Base","https://docs.google.com/spreadsheets/d/1ntoEmBH1AT6CWFz00dGHvN29rKW81Lik7MLHo4qpIjk/edit"
"Diablo IV","Gothic Blade (2)","2H Sword","2H Weapon","Rare","Gothic Blade",,"Base","https://docs.google.com/spreadsheets/d/1ntoEmBH1AT6CWFz00dGHvN29rKW81Lik7MLHo4qpIjk/edit"
"Diablo IV","Grand Sword","2H Sword","2H Weapon","Rare","Grand Sword",,"Base","https://docs.google.com/spreadsheets/d/1ntoEmBH1AT6CWFz00dGHvN29rKW81Lik7MLHo4qpIjk/edit"
"Diablo IV","Great Sword","2H Sword","2H Weapon","Rare","Great Sword",,"Base","https://docs.google.com/spreadsheets/d/1ntoEmBH1AT6CWFz00dGHvN29rKW81Lik7MLHo4qpIjk/edit"
"Diablo IV","Grimstone Sword","2H Sword","2H Weapon","Rare","Grimstone Sword",,"Base","https://docs.google.com/spreadsheets/d/1ntoEmBH1AT6CWFz00dGHvN29rKW81Lik7MLHo4qpIjk/edit"
"Diablo IV","Infernal Edge","2H Sword","2H Weapon","Rare","Great Sword",,"Base","https://docs.google.com/spreadsheets/d/1ntoEmBH1AT6CWFz00dGHvN29rKW81Lik7MLHo4qpIjk/edit"
"Diablo IV","Kingslayer (1)","2H Sword","2H Weapon","Rare","Kingslayer",,"Base","https://docs.google.com/spreadsheets/d/1ntoEmBH1AT6CWFz00dGHvN29rKW81Lik7MLHo4qpIjk/edit"
"Diablo IV","Kingslayer (2)","2H Sword","2H Weapon","Rare","Kingslayer",,"Base","https://docs.google.com/spreadsheets/d/1ntoEmBH1AT6CWFz00dGHvN29rKW81Lik7MLHo4qpIjk/edit"
"Diablo IV","Sawtooth Blade (1)","2H Sword","2H Weapon","Rare","Sawtooth Blade",,"VOH","https://docs.google.com/spreadsheets/d/1ntoEmBH1AT6CWFz00dGHvN29rKW81Lik7MLHo4qpIjk/edit"
"Diablo IV","Sawtooth Blade (2)","2H Sword","2H Weapon","Rare","Sawtooth Blade",,"VOH","https://docs.google.com/spreadsheets/d/1ntoEmBH1AT6CWFz00dGHvN29rKW81Lik7MLHo4qpIjk/edit"
"Diablo IV","The Bear's Claw","2H Sword","2H Weapon","Rare","Grand Sword",,"Base","https://docs.google.com/spreadsheets/d/1ntoEmBH1AT6CWFz00dGHvN29rKW81Lik7MLHo4qpIjk/edit"
"Diablo IV","Two-Handed Sword","2H Sword","2H Weapon","Magic","Claymore",,"Base","https://docs.google.com/spreadsheets/d/1ntoEmBH1AT6CWFz00dGHvN29rKW81Lik7MLHo4qpIjk/edit"
"Diablo IV","Two-Handed Sword","2H Sword","2H Weapon","Common","Two-Handed Sword","Missing","Base","https://docs.google.com/spreadsheets/d/1ntoEmBH1AT6CWFz00dGHvN29rKW81Lik7MLHo4qpIjk/edit"
"Diablo IV","Yataghan","2H Sword","2H Weapon","Rare","Yataghan",,"Base","https://docs.google.com/spreadsheets/d/1ntoEmBH1AT6CWFz00dGHvN29rKW81Lik7MLHo4qpIjk/edit"
"Diablo IV","Axe","Axe","1H Weapon","Rare","Cutter",,"VOH","https://docs.google.com/spreadsheets/d/1ntoEmBH1AT6CWFz00dGHvN29rKW81Lik7MLHo4qpIjk/edit"
"Diablo IV","Battle Axe","Axe","1H Weapon","Rare","Battle Axe",,"Base","https://docs.google.com/spreadsheets/d/1ntoEmBH1AT6CWFz00dGHvN29rKW81Lik7MLHo4qpIjk/edit"
"Diablo IV","Ceder Wood Axe","Axe","1H Weapon","Rare","Ceder Wood Axe",,"Base","https://docs.google.com/spreadsheets/d/1ntoEmBH1AT6CWFz00dGHvN29rKW81Lik7MLHo4qpIjk/edit"
"Diablo IV","Cleaver","Axe","1H Weapon","Magic","War Axe",,"Base","https://docs.google.com/spreadsheets/d/1ntoEmBH1AT6CWFz00dGHvN29rKW81Lik7MLHo4qpIjk/edit"
"Diablo IV","Cutter","Axe","1H Weapon","Rare","Cutter",,"VOH","https://docs.google.com/spreadsheets/d/1ntoEmBH1AT6CWFz00dGHvN29rKW81Lik7MLHo4qpIjk/edit"
"Diablo IV","Cutter's Axe","Axe","1H Weapon","Magic","Studded Axe",,"Base","https://docs.google.com/spreadsheets/d/1ntoEmBH1AT6CWFz00dGHvN29rKW81Lik7MLHo4qpIjk/edit"
"Diablo IV","Forked Axe","Axe","1H Weapon","Rare","Forked Axe",,"Base","https://docs.google.com/spreadsheets/d/1ntoEmBH1AT6CWFz00dGHvN29rKW81Lik7MLHo4qpIjk/edit"
"Diablo IV","Hand Axe","Axe","1H Weapon","Common","Hand Axe",,"Base","https://docs.google.com/spreadsheets/d/1ntoEmBH1AT6CWFz00dGHvN29rKW81Lik7MLHo4qpIjk/edit"
"Diablo IV","Hand Axe","Axe","1H Weapon","Magic","Studded Axe",,"Base","https://docs.google.com/spreadsheets/d/1ntoEmBH1AT6CWFz00dGHvN29rKW81Lik7MLHo4qpIjk/edit"
"Diablo IV","Hunter's Edge","Axe","1H Weapon","Rare","Hunter's Edge",,"LOH","https://docs.google.com/spreadsheets/d/1ntoEmBH1AT6CWFz00dGHvN29rKW81Lik7MLHo4qpIjk/edit"
"Diablo IV","Military Pick","Axe","1H Weapon","Magic","War Axe",,"Base","https://docs.google.com/spreadsheets/d/1ntoEmBH1AT6CWFz00dGHvN29rKW81Lik7MLHo4qpIjk/edit"
"Diablo IV","Noble Slice (1)","Axe","1H Weapon","Rare","Noble Slice",,"VOH","https://docs.google.com/spreadsheets/d/1ntoEmBH1AT6CWFz00dGHvN29rKW81Lik7MLHo4qpIjk/edit"
"Diablo IV","Ripper Axe","Axe","1H Weapon","Rare","Ripper Axe",,"Base","https://docs.google.com/spreadsheets/d/1ntoEmBH1AT6CWFz00dGHvN29rKW81Lik7MLHo4qpIjk/edit"
"Diablo IV","Studded Axe","Axe","1H Weapon","Magic","Studded Axe",,"Base","https://docs.google.com/spreadsheets/d/1ntoEmBH1AT6CWFz00dGHvN29rKW81Lik7MLHo4qpIjk/edit"
"Diablo IV","War Axe","Axe","1H Weapon","Rare","War Axe",,"Base","https://docs.google.com/spreadsheets/d/1ntoEmBH1AT6CWFz00dGHvN29rKW81Lik7MLHo4qpIjk/edit"
"Diablo IV","Carved Bow (1)","Bow","2H Weapon","Rare","Carved Bow",,"VOH","https://docs.google.com/spreadsheets/d/1ntoEmBH1AT6CWFz00dGHvN29rKW81Lik7MLHo4qpIjk/edit"
"Diablo IV","Carved Bow (2)","Bow","2H Weapon","Rare","Carved Bow",,"VOH","https://docs.google.com/spreadsheets/d/1ntoEmBH1AT6CWFz00dGHvN29rKW81Lik7MLHo4qpIjk/edit"
"Diablo IV","Cold-Steel Bow","Bow","2H Weapon","Rare","Iron Recurve",,"Base","https://docs.google.com/spreadsheets/d/1ntoEmBH1AT6CWFz00dGHvN29rKW81Lik7MLHo4qpIjk/edit"
"Diablo IV","Common Bow","Bow","2H Weapon","Magic","Common Bow",,"Base","https://docs.google.com/spreadsheets/d/1ntoEmBH1AT6CWFz00dGHvN29rKW81Lik7MLHo4qpIjk/edit"
"Diablo IV","Flatbow","Bow","2H Weapon","Rare","Flatbow",,"Base","https://docs.google.com/spreadsheets/d/1ntoEmBH1AT6CWFz00dGHvN29rKW81Lik7MLHo4qpIjk/edit"
"Diablo IV","Forgotten Bow","Bow","2H Weapon","Rare","Forgotten Bow",,"Base","https://docs.google.com/spreadsheets/d/1ntoEmBH1AT6CWFz00dGHvN29rKW81Lik7MLHo4qpIjk/edit"
"Diablo IV","Highland Bow","Bow","2H Weapon","Rare","Hunter's Bow",,"Base","https://docs.google.com/spreadsheets/d/1ntoEmBH1AT6CWFz00dGHvN29rKW81Lik7MLHo4qpIjk/edit"
"Diablo IV","Hunter's Bow","Bow","2H Weapon","Magic","Hunter's Bow",,"Base","https://docs.google.com/spreadsheets/d/1ntoEmBH1AT6CWFz00dGHvN29rKW81Lik7MLHo4qpIjk/edit"
"Diablo IV","Iron Recurve","Bow","2H Weapon","Magic","Iron Recurve",,"Base","https://docs.google.com/spreadsheets/d/1ntoEmBH1AT6CWFz00dGHvN29rKW81Lik7MLHo4qpIjk/edit"
"Diablo IV","Longshot","Bow","2H Weapon","Rare","Longshot",,"Base","https://docs.google.com/spreadsheets/d/1ntoEmBH1AT6CWFz00dGHvN29rKW81Lik7MLHo4qpIjk/edit"
"Diablo IV","Makeshift Bow","Bow","2H Weapon","Magic","Makeshift Bow",,"Base","https://docs.google.com/spreadsheets/d/1ntoEmBH1AT6CWFz00dGHvN29rKW81Lik7MLHo4qpIjk/edit"
"Diablo IV","Philosopher's Recurve","Bow","2H Weapon","Rare","Philosopher's Recurve",,"LOH","https://docs.google.com/spreadsheets/d/1ntoEmBH1AT6CWFz00dGHvN29rKW81Lik7MLHo4qpIjk/edit"
"Diablo IV","Razorwind","Bow","2H Weapon","Rare","Razorwind",,"Base","https://docs.google.com/spreadsheets/d/1ntoEmBH1AT6CWFz00dGHvN29rKW81Lik7MLHo4qpIjk/edit"
"Diablo IV","Remorse","Bow","2H Weapon","Rare","Longshot",,"VOH","https://docs.google.com/spreadsheets/d/1ntoEmBH1AT6CWFz00dGHvN29rKW81Lik7MLHo4qpIjk/edit"
"Diablo IV","Silver Warp-Bow","Bow","2H Weapon","Rare","Silver Warp-Bow",,"Base","https://docs.google.com/spreadsheets/d/1ntoEmBH1AT6CWFz00dGHvN29rKW81Lik7MLHo4qpIjk/edit"
"Diablo IV","Simple Bow","Bow","2H Weapon","Common","Simple Bow",,"Base","https://docs.google.com/spreadsheets/d/1ntoEmBH1AT6CWFz00dGHvN29rKW81Lik7MLHo4qpIjk/edit"
"Diablo IV","Uncommon Bow (1)","Bow","2H Weapon","Rare","Makeshift Bow",,"Base","https://docs.google.com/spreadsheets/d/1ntoEmBH1AT6CWFz00dGHvN29rKW81Lik7MLHo4qpIjk/edit"
"Diablo IV","Uncommon Bow (2)","Bow","2H Weapon","Magic","Makeshift Bow",,"Base","https://docs.google.com/spreadsheets/d/1ntoEmBH1AT6CWFz00dGHvN29rKW81Lik7MLHo4qpIjk/edit"
"Diablo IV","Weathered Bow","Bow","2H Weapon","Rare","Weathered Bow",,"Base","https://docs.google.com/spreadsheets/d/1ntoEmBH1AT6CWFz00dGHvN29rKW81Lik7MLHo4qpIjk/edit"
"Diablo IV","Arbalest","Crossbow","2H Weapon","Rare","Arbalest","Missing","Base","https://docs.google.com/spreadsheets/d/1ntoEmBH1AT6CWFz00dGHvN29rKW81Lik7MLHo4qpIjk/edit"
"Diablo IV","Carved Crossbow (1)","Crossbow","2H Weapon","Rare","Carved Crossbow",,"VOH","https://docs.google.com/spreadsheets/d/1ntoEmBH1AT6CWFz00dGHvN29rKW81Lik7MLHo4qpIjk/edit"
"Diablo IV","Carved Crossbow (2)","Crossbow","2H Weapon","Rare","Carved Crossbow",,"VOH","https://docs.google.com/spreadsheets/d/1ntoEmBH1AT6CWFz00dGHvN29rKW81Lik7MLHo4qpIjk/edit"
"Diablo IV","Crossbow","Crossbow","2H Weapon","Common","Crossbow","Missing","Base","https://docs.google.com/spreadsheets/d/1ntoEmBH1AT6CWFz00dGHvN29rKW81Lik7MLHo4qpIjk/edit"
"Diablo IV","Haunted Crossbow","Crossbow","2H Weapon","Rare","Reinforced Crossbow",,"Base","https://docs.google.com/spreadsheets/d/1ntoEmBH1AT6CWFz00dGHvN29rKW81Lik7MLHo4qpIjk/edit"
"Diablo IV","Heavy Crossbow","Crossbow","2H Weapon","Rare","Reinforced Crossbow",,"Base","https://docs.google.com/spreadsheets/d/1ntoEmBH1AT6CWFz00dGHvN29rKW81Lik7MLHo4qpIjk/edit"
"Diablo IV","Military Crossbow","Crossbow","2H Weapon","Rare","Military Crossbow",,"LOH","https://docs.google.com/spreadsheets/d/1ntoEmBH1AT6CWFz00dGHvN29rKW81Lik7MLHo4qpIjk/edit"
"Diablo IV","Pellet Bow","Crossbow","2H Weapon","Magic","Pellet Bow",,"Base","https://docs.google.com/spreadsheets/d/1ntoEmBH1AT6CWFz00dGHvN29rKW81Lik7MLHo4qpIjk/edit"
"Diablo IV","Phantom Maker","Crossbow","2H Weapon","Rare","Phantom Maker",,"Base","https://docs.google.com/spreadsheets/d/1ntoEmBH1AT6CWFz00dGHvN29rKW81Lik7MLHo4qpIjk/edit"
"Diablo IV","Rea","Crossbow","2H Weapon","Rare","Phantom Maker",,"Base","https://docs.google.com/spreadsheets/d/1ntoEmBH1AT6CWFz00dGHvN29rKW81Lik7MLHo4qpIjk/edit"
"Diablo IV","Reinforced Crossbow","Crossbow","2H Weapon","Magic","Reinforced Crossbow",,"Base","https://docs.google.com/spreadsheets/d/1ntoEmBH1AT6CWFz00dGHvN29rKW81Lik7MLHo4qpIjk/edit"
"Diablo IV","Siege Crossbow","Crossbow","2H Weapon","Rare","Siege Crossbow","Missing","Base","https://docs.google.com/spreadsheets/d/1ntoEmBH1AT6CWFz00dGHvN29rKW81Lik7MLHo4qpIjk/edit"
"Diablo IV","Silentstring","Crossbow","2H Weapon","Rare","Silentstring",,"Base","https://docs.google.com/spreadsheets/d/1ntoEmBH1AT6CWFz00dGHvN29rKW81Lik7MLHo4qpIjk/edit"
"Diablo IV","Simple Crossbow","Crossbow","2H Weapon","Magic","Simple Crossbow","Missing","Base","https://docs.google.com/spreadsheets/d/1ntoEmBH1AT6CWFz00dGHvN29rKW81Lik7MLHo4qpIjk/edit"
"Diablo IV","Swiftwind","Crossbow","2H Weapon","Rare","Swiftwind",,"Base","https://docs.google.com/spreadsheets/d/1ntoEmBH1AT6CWFz00dGHvN29rKW81Lik7MLHo4qpIjk/edit"
"Diablo IV","Uncommon Crossbow","Crossbow","2H Weapon","Rare","Pellet Bow",,"Base","https://docs.google.com/spreadsheets/d/1ntoEmBH1AT6CWFz00dGHvN29rKW81Lik7MLHo4qpIjk/edit"
"Diablo IV","War Crossbow","Crossbow","2H Weapon","Rare","War Crossbow","Missing","Base","https://docs.google.com/spreadsheets/d/1ntoEmBH1AT6CWFz00dGHvN29rKW81Lik7MLHo4qpIjk/edit"
"Diablo IV","Windlass","Crossbow","2H Weapon","Rare","Windlass",,"Base","https://docs.google.com/spreadsheets/d/1ntoEmBH1AT6CWFz00dGHvN29rKW81Lik7MLHo4qpIjk/edit"
"Diablo IV","Aged Rondel","Dagger","1H Weapon","Rare","Aged Rondel",,"LOH","https://docs.google.com/spreadsheets/d/1ntoEmBH1AT6CWFz00dGHvN29rKW81Lik7MLHo4qpIjk/edit"
"Diablo IV","Anlace","Dagger","1H Weapon","Rare","Anlace",,"Base","https://docs.google.com/spreadsheets/d/1ntoEmBH1AT6CWFz00dGHvN29rKW81Lik7MLHo4qpIjk/edit"
"Diablo IV","Assassin's Blade","Dagger","1H Weapon","Rare","Assassin's Blade",,"Base","https://docs.google.com/spreadsheets/d/1ntoEmBH1AT6CWFz00dGHvN29rKW81Lik7MLHo4qpIjk/edit"
"Diablo IV","Bakira's Sting","Dagger","1H Weapon","Rare","Assassin's Blade",,"Base","https://docs.google.com/spreadsheets/d/1ntoEmBH1AT6CWFz00dGHvN29rKW81Lik7MLHo4qpIjk/edit"
"Diablo IV","Blood-Barbed Blade","Dagger","1H Weapon","Rare","Dirk",,"Base","https://docs.google.com/spreadsheets/d/1ntoEmBH1AT6CWFz00dGHvN29rKW81Lik7MLHo4qpIjk/edit"
"Diablo IV","Broodmother's Stinger","Dagger","1H Weapon","Rare","Broodmother's Stinger",,"Base","https://docs.google.com/spreadsheets/d/1ntoEmBH1AT6CWFz00dGHvN29rKW81Lik7MLHo4qpIjk/edit"
"Diablo IV","Dirk","Dagger","1H Weapon","Rare","Dirk",,"Base","https://docs.google.com/spreadsheets/d/1ntoEmBH1AT6CWFz00dGHvN29rKW81Lik7MLHo4qpIjk/edit"
"Diablo IV","Hatred's Prize","Dagger","1H Weapon","Rare","Litany of Sable",,"LOH","https://docs.google.com/spreadsheets/d/1ntoEmBH1AT6CWFz00dGHvN29rKW81Lik7MLHo4qpIjk/edit"
"Diablo IV","Hunter's Knife (1)","Dagger","1H Weapon","Rare","Hunter's Knife",,"Base","https://docs.google.com/spreadsheets/d/1ntoEmBH1AT6CWFz00dGHvN29rKW81Lik7MLHo4qpIjk/edit"
"Diablo IV","Hunter's Knife (2)","Dagger","1H Weapon","Magic","Hunter's Knife",,"Base","https://docs.google.com/spreadsheets/d/1ntoEmBH1AT6CWFz00dGHvN29rKW81Lik7MLHo4qpIjk/edit"
"Diablo IV","Kard","Dagger","1H Weapon","Rare","Kard",,"Base","https://docs.google.com/spreadsheets/d/1ntoEmBH1AT6CWFz00dGHvN29rKW81Lik7MLHo4qpIjk/edit"
"Diablo IV","Mohlon's Fang","Dagger","1H Weapon","Rare","Kard",,"Base","https://docs.google.com/spreadsheets/d/1ntoEmBH1AT6CWFz00dGHvN29rKW81Lik7MLHo4qpIjk/edit"
"Diablo IV","Mother's Knife","Dagger","1H Weapon","Rare","Dirk",,"Base","https://docs.google.com/spreadsheets/d/1ntoEmBH1AT6CWFz00dGHvN29rKW81Lik7MLHo4qpIjk/edit"
"Diablo IV","Neyrelle's Defiance","Dagger","1H Weapon","Common","Neyrelle's Defiance",,"LOH","https://docs.google.com/spreadsheets/d/1ntoEmBH1AT6CWFz00dGHvN29rKW81Lik7MLHo4qpIjk/edit"
"Diablo IV","Piercer","Dagger","1H Weapon","Rare","Assassin's Blade",,"Base","https://docs.google.com/spreadsheets/d/1ntoEmBH1AT6CWFz00dGHvN29rKW81Lik7MLHo4qpIjk/edit"
"Diablo IV","Pugio","Dagger","1H Weapon","Magic","Pugio",,"Base","https://docs.google.com/spreadsheets/d/1ntoEmBH1AT6CWFz00dGHvN29rKW81Lik7MLHo4qpIjk/edit"
"Diablo IV","Quietus of Nafain","Dagger","1H Weapon","Rare","Pugio",,"Base","https://docs.google.com/spreadsheets/d/1ntoEmBH1AT6CWFz00dGHvN29rKW81Lik7MLHo4qpIjk/edit"
"Diablo IV","Rat King's Claw","Dagger","1H Weapon","Rare","Rat King's Claw",,"LOH","https://docs.google.com/spreadsheets/d/1ntoEmBH1AT6CWFz00dGHvN29rKW81Lik7MLHo4qpIjk/edit"
"Diablo IV","Rondel","Dagger","1H Weapon","Rare","Anlace",,"Base","https://docs.google.com/spreadsheets/d/1ntoEmBH1AT6CWFz00dGHvN29rKW81Lik7MLHo4qpIjk/edit"
"Diablo IV","Shiv","Dagger","1H Weapon","Rare","Shiv",,"Base","https://docs.google.com/spreadsheets/d/1ntoEmBH1AT6CWFz00dGHvN29rKW81Lik7MLHo4qpIjk/edit"
"Diablo IV","Simple Dagger","Dagger","1H Weapon","Common","Simple Dagger",,"Base","https://docs.google.com/spreadsheets/d/1ntoEmBH1AT6CWFz00dGHvN29rKW81Lik7MLHo4qpIjk/edit"
"Diablo IV","Skeleton Key","Dagger","1H Weapon","Rare","Pugio",,"Base","https://docs.google.com/spreadsheets/d/1ntoEmBH1AT6CWFz00dGHvN29rKW81Lik7MLHo4qpIjk/edit"
"Diablo IV","Stiletto","Dagger","1H Weapon","Magic","Stiletto","Missing","Base","https://docs.google.com/spreadsheets/d/1ntoEmBH1AT6CWFz00dGHvN29rKW81Lik7MLHo4qpIjk/edit"
"Diablo IV","Stone Blade (1)","Dagger","1H Weapon","Rare","Stone Blade",,"VOH","https://docs.google.com/spreadsheets/d/1ntoEmBH1AT6CWFz00dGHvN29rKW81Lik7MLHo4qpIjk/edit"
"Diablo IV","Stone Blade (2)","Dagger","1H Weapon","Rare","Stone Blade",,"VOH","https://docs.google.com/spreadsheets/d/1ntoEmBH1AT6CWFz00dGHvN29rKW81Lik7MLHo4qpIjk/edit"
"Diablo IV","Tala's Fanged Blade","Dagger","1H Weapon","Rare","Anlace",,"Base","https://docs.google.com/spreadsheets/d/1ntoEmBH1AT6CWFz00dGHvN29rKW81Lik7MLHo4qpIjk/edit"
"Diablo IV","Agitator","Flail","1H Weapon","Rare","Agitator",,"Base","https://docs.google.com/spreadsheets/d/1ntoEmBH1AT6CWFz00dGHvN29rKW81Lik7MLHo4qpIjk/edit"
"Diablo IV","Bloodcarver's Torment","Flail","1H Weapon","Rare","Browbeater",,"LOH","https://docs.google.com/spreadsheets/d/1ntoEmBH1AT6CWFz00dGHvN29rKW81Lik7MLHo4qpIjk/edit"
"Diablo IV","Bronzed Victor","Flail","1H Weapon","Rare","Bronzed Victor",,"Base","https://docs.google.com/spreadsheets/d/1ntoEmBH1AT6CWFz00dGHvN29rKW81Lik7MLHo4qpIjk/edit"
"Diablo IV","Browbeater","Flail","1H Weapon","Rare","Browbeater",,"Base","https://docs.google.com/spreadsheets/d/1ntoEmBH1AT6CWFz00dGHvN29rKW81Lik7MLHo4qpIjk/edit"
"Diablo IV","Censer","Flail","1H Weapon","Rare","Censer",,"Base","https://docs.google.com/spreadsheets/d/1ntoEmBH1AT6CWFz00dGHvN29rKW81Lik7MLHo4qpIjk/edit"
"Diablo IV","Chain Mace","Flail","1H Weapon","Common","Chain Mace",,"Base","https://docs.google.com/spreadsheets/d/1ntoEmBH1AT6CWFz00dGHvN29rKW81Lik7MLHo4qpIjk/edit"
"Diablo IV","Chainflange","Flail","1H Weapon","Rare","Chainflange",,"Base","https://docs.google.com/spreadsheets/d/1ntoEmBH1AT6CWFz00dGHvN29rKW81Lik7MLHo4qpIjk/edit"
"Diablo IV","Dread Flail","Flail","1H Weapon","Magic","Dread Flail",,"Base","https://docs.google.com/spreadsheets/d/1ntoEmBH1AT6CWFz00dGHvN29rKW81Lik7MLHo4qpIjk/edit"
"Diablo IV","Fourblade","Flail","1H Weapon","Rare","Fourblade",,"Base","https://docs.google.com/spreadsheets/d/1ntoEmBH1AT6CWFz00dGHvN29rKW81Lik7MLHo4qpIjk/edit"
"Diablo IV","Meatgrinder","Flail","1H Weapon","Rare","Meatgrinder",,"Base","https://docs.google.com/spreadsheets/d/1ntoEmBH1AT6CWFz00dGHvN29rKW81Lik7MLHo4qpIjk/edit"
"Diablo IV","Star Flail","Flail","1H Weapon","Rare","Star Flail",,"Base","https://docs.google.com/spreadsheets/d/1ntoEmBH1AT6CWFz00dGHvN29rKW81Lik7MLHo4qpIjk/edit"
"Diablo IV","Stone Flail","Flail","1H Weapon","Rare","Stone Flail",,"Base","https://docs.google.com/spreadsheets/d/1ntoEmBH1AT6CWFz00dGHvN29rKW81Lik7MLHo4qpIjk/edit"
"Diablo IV","Towerfell","Flail","1H Weapon","Rare","Towerfell",,"Base","https://docs.google.com/spreadsheets/d/1ntoEmBH1AT6CWFz00dGHvN29rKW81Lik7MLHo4qpIjk/edit"
"Diablo IV","Two-Section Flail","Flail","1H Weapon","Rare","Two-Section Flail",,"Base","https://docs.google.com/spreadsheets/d/1ntoEmBH1AT6CWFz00dGHvN29rKW81Lik7MLHo4qpIjk/edit"
"Diablo IV","Basic Glaive","Glaive","2H Weapon","Common","Basic Glaive",,"VOH","https://docs.google.com/spreadsheets/d/1ntoEmBH1AT6CWFz00dGHvN29rKW81Lik7MLHo4qpIjk/edit"
"Diablo IV","Carved Glaive","Glaive","2H Weapon","Rare","Carved Glaive",,"VOH","https://docs.google.com/spreadsheets/d/1ntoEmBH1AT6CWFz00dGHvN29rKW81Lik7MLHo4qpIjk/edit"
"Diablo IV","Furrowed Glaive (1)","Glaive","2H Weapon","Rare","Furrowed Glaive",,"VOH","https://docs.google.com/spreadsheets/d/1ntoEmBH1AT6CWFz00dGHvN29rKW81Lik7MLHo4qpIjk/edit"
"Diablo IV","Furrowed Glaive (2)","Glaive","2H Weapon","Rare","Furrowed Glaive",,"VOH","https://docs.google.com/spreadsheets/d/1ntoEmBH1AT6CWFz00dGHvN29rKW81Lik7MLHo4qpIjk/edit"
"Diablo IV","Hooked Glaive","Glaive","2H Weapon","Magic","Hooked Glaive",,"VOH","https://docs.google.com/spreadsheets/d/1ntoEmBH1AT6CWFz00dGHvN29rKW81Lik7MLHo4qpIjk/edit"
"Diablo IV","Lizardkiller Glaive","Glaive","2H Weapon","Rare","Lizardkiller Glaive",,"LOH","https://docs.google.com/spreadsheets/d/1ntoEmBH1AT6CWFz00dGHvN29rKW81Lik7MLHo4qpIjk/edit"
"Diablo IV","Onyx Glaive","Glaive","2H Weapon","Rare","Onyx Glaive",,"VOH","https://docs.google.com/spreadsheets/d/1ntoEmBH1AT6CWFz00dGHvN29rKW81Lik7MLHo4qpIjk/edit"
"Diablo IV","Sawtooth Glaive","Glaive","2H Weapon","Rare","Sawtooth Glaive",,"VOH","https://docs.google.com/spreadsheets/d/1ntoEmBH1AT6CWFz00dGHvN29rKW81Lik7MLHo4qpIjk/edit"
"Diablo IV","Serrated Glaive","Glaive","2H Weapon","Magic","Serrated Glaive",,"VOH","https://docs.google.com/spreadsheets/d/1ntoEmBH1AT6CWFz00dGHvN29rKW81Lik7MLHo4qpIjk/edit"
"Diablo IV","Sharpened Glaive","Glaive","2H Weapon","Rare","Sharpened Glaive",,"VOH","https://docs.google.com/spreadsheets/d/1ntoEmBH1AT6CWFz00dGHvN29rKW81Lik7MLHo4qpIjk/edit"
"Diablo IV","Tuned Glaive","Glaive","2H Weapon","Rare","Tuned Glaive",,"VOH","https://docs.google.com/spreadsheets/d/1ntoEmBH1AT6CWFz00dGHvN29rKW81Lik7MLHo4qpIjk/edit"
"Diablo IV","Barbed Club","Mace","1H Weapon","Magic","Spiked Baton",,"Base","https://docs.google.com/spreadsheets/d/1ntoEmBH1AT6CWFz00dGHvN29rKW81Lik7MLHo4qpIjk/edit"
"Diablo IV","Bludgeon","Mace","1H Weapon","Magic","Club(1)","Missing","Base","https://docs.google.com/spreadsheets/d/1ntoEmBH1AT6CWFz00dGHvN29rKW81Lik7MLHo4qpIjk/edit"
"Diablo IV","Borza's Bonecrusher","Mace","1H Weapon","Rare","Morningstar",,"Base","https://docs.google.com/spreadsheets/d/1ntoEmBH1AT6CWFz00dGHvN29rKW81Lik7MLHo4qpIjk/edit"
"Diablo IV","Carthas' Blessed Hammer","Mace","1H Weapon","Rare","Club(2)",,"Base","https://docs.google.com/spreadsheets/d/1ntoEmBH1AT6CWFz00dGHvN29rKW81Lik7MLHo4qpIjk/edit"
"Diablo IV","Club","Mace","1H Weapon","Magic","Club(1)","Missing","Base","https://docs.google.com/spreadsheets/d/1ntoEmBH1AT6CWFz00dGHvN29rKW81Lik7MLHo4qpIjk/edit"
"Diablo IV","Club","Mace","1H Weapon","Rare","Club(2)",,"Base","https://docs.google.com/spreadsheets/d/1ntoEmBH1AT6CWFz00dGHvN29rKW81Lik7MLHo4qpIjk/edit"
"Diablo IV","Club","Mace","1H Weapon","Common","Club(3)","Missing","Base","https://docs.google.com/spreadsheets/d/1ntoEmBH1AT6CWFz00dGHvN29rKW81Lik7MLHo4qpIjk/edit"
"Diablo IV","Cudgel","Mace","1H Weapon","Rare","Cudgel",,"Base","https://docs.google.com/spreadsheets/d/1ntoEmBH1AT6CWFz00dGHvN29rKW81Lik7MLHo4qpIjk/edit"
"Diablo IV","Death Mace","Mace","1H Weapon","Rare","Club(2)",,"Base","https://docs.google.com/spreadsheets/d/1ntoEmBH1AT6CWFz00dGHvN29rKW81Lik7MLHo4qpIjk/edit"
"Diablo IV","Ironwood Club (1)","Mace","1H Weapon","Rare","Ironwood Club",,"VOH","https://docs.google.com/spreadsheets/d/1ntoEmBH1AT6CWFz00dGHvN29rKW81Lik7MLHo4qpIjk/edit"
"Diablo IV","Ironwood Club (2)","Mace","1H Weapon","Rare","Ironwood Club",,"VOH","https://docs.google.com/spreadsheets/d/1ntoEmBH1AT6CWFz00dGHvN29rKW81Lik7MLHo4qpIjk/edit"
"Diablo IV","Mace","Mace","1H Weapon","Magic","Cudgel",,"Base","https://docs.google.com/spreadsheets/d/1ntoEmBH1AT6CWFz00dGHvN29rKW81Lik7MLHo4qpIjk/edit"
"Diablo IV","Mace","Mace","1H Weapon","Rare","Mace",,"Base","https://docs.google.com/spreadsheets/d/1ntoEmBH1AT6CWFz00dGHvN29rKW81Lik7MLHo4qpIjk/edit"
"Diablo IV","Mace of Blazing Furor","Mace","1H Weapon","Rare","Mace of Blazing Furor",,"Base","https://docs.google.com/spreadsheets/d/1ntoEmBH1AT6CWFz00dGHvN29rKW81Lik7MLHo4qpIjk/edit"
"Diablo IV","Morning Star","Mace","1H Weapon","Rare","Truncheon",,"Base","https://docs.google.com/spreadsheets/d/1ntoEmBH1AT6CWFz00dGHvN29rKW81Lik7MLHo4qpIjk/edit"
"Diablo IV","Morningstar","Mace","1H Weapon","Rare","Morningstar",,"Base","https://docs.google.com/spreadsheets/d/1ntoEmBH1AT6CWFz00dGHvN29rKW81Lik7MLHo4qpIjk/edit"
"Diablo IV","Spiked Baton","Mace","1H Weapon","Rare","Spiked Baton",,"Base","https://docs.google.com/spreadsheets/d/1ntoEmBH1AT6CWFz00dGHvN29rKW81Lik7MLHo4qpIjk/edit"
"Diablo IV","Spiked Mace","Mace","1H Weapon","Rare","Spiked Mace",,"LOH","https://docs.google.com/spreadsheets/d/1ntoEmBH1AT6CWFz00dGHvN29rKW81Lik7MLHo4qpIjk/edit"
"Diablo IV","Truncheon","Mace","1H Weapon","Rare","Truncheon",,"Base","https://docs.google.com/spreadsheets/d/1ntoEmBH1AT6CWFz00dGHvN29rKW81Lik7MLHo4qpIjk/edit"
"Diablo IV","Ward-Hammer","Mace","1H Weapon","Rare","Ward-Hammer",,"LOH","https://docs.google.com/spreadsheets/d/1ntoEmBH1AT6CWFz00dGHvN29rKW81Lik7MLHo4qpIjk/edit"
"Diablo IV","Arm of the Unbroken","Polearm","2H Weapon","Rare","Impaler",,"LOH","https://docs.google.com/spreadsheets/d/1ntoEmBH1AT6CWFz00dGHvN29rKW81Lik7MLHo4qpIjk/edit"
"Diablo IV","Bardiche","Polearm","2H Weapon","Magic","Bardiche",,"Base","https://docs.google.com/spreadsheets/d/1ntoEmBH1AT6CWFz00dGHvN29rKW81Lik7MLHo4qpIjk/edit"
"Diablo IV","Boar Spear","Polearm","2H Weapon","Common","Boar Spear",,"Base","https://docs.google.com/spreadsheets/d/1ntoEmBH1AT6CWFz00dGHvN29rKW81Lik7MLHo4qpIjk/edit"
"Diablo IV","Carved Polearm (1)","Polearm","2H Weapon","Rare","Carved Polearm",,"VOH","https://docs.google.com/spreadsheets/d/1ntoEmBH1AT6CWFz00dGHvN29rKW81Lik7MLHo4qpIjk/edit"
"Diablo IV","Carved Polearm (2)","Polearm","2H Weapon","Rare","Carved Polearm",,"VOH","https://docs.google.com/spreadsheets/d/1ntoEmBH1AT6CWFz00dGHvN29rKW81Lik7MLHo4qpIjk/edit"
"Diablo IV","Edgar's Penance","Polearm","2H Weapon","Rare","Pike",,"Base","https://docs.google.com/spreadsheets/d/1ntoEmBH1AT6CWFz00dGHvN29rKW81Lik7MLHo4qpIjk/edit"
"Diablo IV","Exuvail Fang","Polearm","2H Weapon","Rare","Hache",,"VOH","https://docs.google.com/spreadsheets/d/1ntoEmBH1AT6CWFz00dGHvN29rKW81Lik7MLHo4qpIjk/edit"
"Diablo IV","Fauchard","Polearm","2H Weapon","Rare","Fauchard",,"Base","https://docs.google.com/spreadsheets/d/1ntoEmBH1AT6CWFz00dGHvN29rKW81Lik7MLHo4qpIjk/edit"
"Diablo IV","Hache","Polearm","2H Weapon","Rare","Hache",,"Base","https://docs.google.com/spreadsheets/d/1ntoEmBH1AT6CWFz00dGHvN29rKW81Lik7MLHo4qpIjk/edit"
"Diablo IV","Halberd","Polearm","2H Weapon","Rare","Halberd",,"Base","https://docs.google.com/spreadsheets/d/1ntoEmBH1AT6CWFz00dGHvN29rKW81Lik7MLHo4qpIjk/edit"
"Diablo IV","Impaler","Polearm","2H Weapon","Rare","Impaler",,"Base","https://docs.google.com/spreadsheets/d/1ntoEmBH1AT6CWFz00dGHvN29rKW81Lik7MLHo4qpIjk/edit"
"Diablo IV","Pike","Polearm","2H Weapon","Rare","Pike",,"Base","https://docs.google.com/spreadsheets/d/1ntoEmBH1AT6CWFz00dGHvN29rKW81Lik7MLHo4qpIjk/edit"
"Diablo IV","Polearm","Polearm","2H Weapon","Magic","Bardiche",,"Base","https://docs.google.com/spreadsheets/d/1ntoEmBH1AT6CWFz00dGHvN29rKW81Lik7MLHo4qpIjk/edit"
"Diablo IV","Poleaxe","Polearm","2H Weapon","Rare","Poleaxe",,"Base","https://docs.google.com/spreadsheets/d/1ntoEmBH1AT6CWFz00dGHvN29rKW81Lik7MLHo4qpIjk/edit"
"Diablo IV","Rusted Bardiche","Polearm","2H Weapon","Common","Rusted Bardiche",,"Base","https://docs.google.com/spreadsheets/d/1ntoEmBH1AT6CWFz00dGHvN29rKW81Lik7MLHo4qpIjk/edit"
"Diablo IV","South Sea Trident","Polearm","2H Weapon","Rare","South Sea Trident",,"LOH","https://docs.google.com/spreadsheets/d/1ntoEmBH1AT6CWFz00dGHvN29rKW81Lik7MLHo4qpIjk/edit"
"Diablo IV","Sword-Staff","Polearm","2H Weapon","Rare","Sword-Staff",,"Base","https://docs.google.com/spreadsheets/d/1ntoEmBH1AT6CWFz00dGHvN29rKW81Lik7MLHo4qpIjk/edit"
"Diablo IV","Trident","Polearm","2H Weapon","Rare","Trident",,"Base","https://docs.google.com/spreadsheets/d/1ntoEmBH1AT6CWFz00dGHvN29rKW81Lik7MLHo4qpIjk/edit"
"Diablo IV","Balanced Quarterstaff","Quarterstaff","2H Weapon","Magic","Blanced Quarterstaff","Missing","VOH","https://docs.google.com/spreadsheets/d/1ntoEmBH1AT6CWFz00dGHvN29rKW81Lik7MLHo4qpIjk/edit"
"Diablo IV","Basic Quaterstaff","Quarterstaff","2H Weapon","Common","Basic Quaterstaff","Missing","VOH","https://docs.google.com/spreadsheets/d/1ntoEmBH1AT6CWFz00dGHvN29rKW81Lik7MLHo4qpIjk/edit"
"Diablo IV","Carved Quarterstaff (1)","Quarterstaff","2H Weapon","Rare","Carved Quarterstaff",,"VOH","https://docs.google.com/spreadsheets/d/1ntoEmBH1AT6CWFz00dGHvN29rKW81Lik7MLHo4qpIjk/edit"
"Diablo IV","Carved Quarterstaff (2)","Quarterstaff","2H Weapon","Rare","Carved Quarterstaff",,"VOH","https://docs.google.com/spreadsheets/d/1ntoEmBH1AT6CWFz00dGHvN29rKW81Lik7MLHo4qpIjk/edit"
"Diablo IV","Elder Quarterstaff","Quarterstaff","2H Weapon","Rare","Elder Quarterstaff",,"VOH","https://docs.google.com/spreadsheets/d/1ntoEmBH1AT6CWFz00dGHvN29rKW81Lik7MLHo4qpIjk/edit"
"Diablo IV","Firstborn Quaterstaff","Quarterstaff","2H Weapon","Rare","Firstborn Quaterstaff",,"LOH","https://docs.google.com/spreadsheets/d/1ntoEmBH1AT6CWFz00dGHvN29rKW81Lik7MLHo4qpIjk/edit"
"Diablo IV","Heavy Quarterstaff","Quarterstaff","2H Weapon","Rare","Heavy Quarterstaff",,"VOH","https://docs.google.com/spreadsheets/d/1ntoEmBH1AT6CWFz00dGHvN29rKW81Lik7MLHo4qpIjk/edit"
"Diablo IV","Honed Quarterstaff","Quarterstaff","2H Weapon","Rare","Honed Quarterstaff",,"VOH","https://docs.google.com/spreadsheets/d/1ntoEmBH1AT6CWFz00dGHvN29rKW81Lik7MLHo4qpIjk/edit"
"Diablo IV","Hooked Quaterstaff","Quarterstaff","2H Weapon","Magic","Hooked Quaterstaff","Missing","VOH","https://docs.google.com/spreadsheets/d/1ntoEmBH1AT6CWFz00dGHvN29rKW81Lik7MLHo4qpIjk/edit"
"Diablo IV","Thorned Quarterstaff","Quarterstaff","2H Weapon","Rare","Thorned Quarterstaff",,"VOH","https://docs.google.com/spreadsheets/d/1ntoEmBH1AT6CWFz00dGHvN29rKW81Lik7MLHo4qpIjk/edit"
"Diablo IV","Billhook","Scythe","1H Weapon","Rare","Billhook",,"Base","https://docs.google.com/spreadsheets/d/1ntoEmBH1AT6CWFz00dGHvN29rKW81Lik7MLHo4qpIjk/edit"
"Diablo IV","Bone Scythe (1)","Scythe","1H Weapon","Rare","Bone Scythe (2)",,"VOH","https://docs.google.com/spreadsheets/d/1ntoEmBH1AT6CWFz00dGHvN29rKW81Lik7MLHo4qpIjk/edit"
"Diablo IV","Bone Scythe (2)","Scythe","1H Weapon","Rare","Bone Scythe (2)",,"VOH","https://docs.google.com/spreadsheets/d/1ntoEmBH1AT6CWFz00dGHvN29rKW81Lik7MLHo4qpIjk/edit"
"Diablo IV","Flesh Sever","Scythe","1H Weapon","Rare","Flesh Sever",,"Base","https://docs.google.com/spreadsheets/d/1ntoEmBH1AT6CWFz00dGHvN29rKW81Lik7MLHo4qpIjk/edit"
"Diablo IV","Greater Scythe","Scythe","1H Weapon","Rare","Greater Scythe",,"Base","https://docs.google.com/spreadsheets/d/1ntoEmBH1AT6CWFz00dGHvN29rKW81Lik7MLHo4qpIjk/edit"
"Diablo IV","Hand Sickle","Scythe","1H Weapon","Magic","Hand Sickle",,"Base","https://docs.google.com/spreadsheets/d/1ntoEmBH1AT6CWFz00dGHvN29rKW81Lik7MLHo4qpIjk/edit"
"Diablo IV","Hooked Scythe","Scythe","1H Weapon","Rare","Hooked Scythe",,"LOH","https://docs.google.com/spreadsheets/d/1ntoEmBH1AT6CWFz00dGHvN29rKW81Lik7MLHo4qpIjk/edit"
"Diablo IV","Iron Scythe","Scythe","1H Weapon","Rare","Iron Scythe",,"Base","https://docs.google.com/spreadsheets/d/1ntoEmBH1AT6CWFz00dGHvN29rKW81Lik7MLHo4qpIjk/edit"
"Diablo IV","Kama","Scythe","1H Weapon","Rare","Kama",,"Base","https://docs.google.com/spreadsheets/d/1ntoEmBH1AT6CWFz00dGHvN29rKW81Lik7MLHo4qpIjk/edit"
"Diablo IV","Kama","Scythe","1H Weapon","Rare","Reaper",,"Base","https://docs.google.com/spreadsheets/d/1ntoEmBH1AT6CWFz00dGHvN29rKW81Lik7MLHo4qpIjk/edit"
"Diablo IV","Reaper","Scythe","1H Weapon","Rare","Reaper",,"Base","https://docs.google.com/spreadsheets/d/1ntoEmBH1AT6CWFz00dGHvN29rKW81Lik7MLHo4qpIjk/edit"
"Diablo IV","Simple Scythe","Scythe","1H Weapon","Common","Simple Scythe",,"Base","https://docs.google.com/spreadsheets/d/1ntoEmBH1AT6CWFz00dGHvN29rKW81Lik7MLHo4qpIjk/edit"
"Diablo IV","Simple Sickle","Scythe","1H Weapon","Magic","Kama",,"Base","https://docs.google.com/spreadsheets/d/1ntoEmBH1AT6CWFz00dGHvN29rKW81Lik7MLHo4qpIjk/edit"
"Diablo IV","War Sickle","Scythe","1H Weapon","Rare","War Sickle",,"Base","https://docs.google.com/spreadsheets/d/1ntoEmBH1AT6CWFz00dGHvN29rKW81Lik7MLHo4qpIjk/edit"
"Diablo IV","Apothecary's Staff","Staff","2H Weapon","Magic","Apothecary's Staff",,"Base","https://docs.google.com/spreadsheets/d/1ntoEmBH1AT6CWFz00dGHvN29rKW81Lik7MLHo4qpIjk/edit"
"Diablo IV","Archon Staff","Staff","2H Weapon","Rare","Archon Staff",,"Base","https://docs.google.com/spreadsheets/d/1ntoEmBH1AT6CWFz00dGHvN29rKW81Lik7MLHo4qpIjk/edit"
"Diablo IV","Battle Staff (1)","Staff","2H Weapon","Rare","Battle Staff",,"Base","https://docs.google.com/spreadsheets/d/1ntoEmBH1AT6CWFz00dGHvN29rKW81Lik7MLHo4qpIjk/edit"
"Diablo IV","Battle Staff (2)","Staff","2H Weapon","Rare","Battle Staff",,"Base","https://docs.google.com/spreadsheets/d/1ntoEmBH1AT6CWFz00dGHvN29rKW81Lik7MLHo4qpIjk/edit"
"Diablo IV","Bone Staff","Staff","2H Weapon","Magic","Staff (D)","Missing","Base","https://docs.google.com/spreadsheets/d/1ntoEmBH1AT6CWFz00dGHvN29rKW81Lik7MLHo4qpIjk/edit"
"Diablo IV","Carved Staff (1)","Staff","2H Weapon","Rare","Carved Staff",,"VOH","https://docs.google.com/spreadsheets/d/1ntoEmBH1AT6CWFz00dGHvN29rKW81Lik7MLHo4qpIjk/edit"
"Diablo IV","Carved Staff (2)","Staff","2H Weapon","Rare","Carved Staff",,"VOH","https://docs.google.com/spreadsheets/d/1ntoEmBH1AT6CWFz00dGHvN29rKW81Lik7MLHo4qpIjk/edit"
"Diablo IV","Cedar Staff","Staff","2H Weapon","Rare","Cedar Staff",,"Base","https://docs.google.com/spreadsheets/d/1ntoEmBH1AT6CWFz00dGHvN29rKW81Lik7MLHo4qpIjk/edit"
"Diablo IV","Composite Staff","Staff","2H Weapon","Rare","Earth Staff",,"Base","https://docs.google.com/spreadsheets/d/1ntoEmBH1AT6CWFz00dGHvN29rKW81Lik7MLHo4qpIjk/edit"
"Diablo IV","Cragstaff","Staff","2H Weapon","Rare","Cragstaff",,"LOH","https://docs.google.com/spreadsheets/d/1ntoEmBH1AT6CWFz00dGHvN29rKW81Lik7MLHo4qpIjk/edit"
"Diablo IV","Dragon Staff","Staff","2H Weapon","Rare","Dragon Staff",,"Base","https://docs.google.com/spreadsheets/d/1ntoEmBH1AT6CWFz00dGHvN29rKW81Lik7MLHo4qpIjk/edit"
"Diablo IV","Earth Staff","Staff","2H Weapon","Rare","Earth Staff",,"Base","https://docs.google.com/spreadsheets/d/1ntoEmBH1AT6CWFz00dGHvN29rKW81Lik7MLHo4qpIjk/edit"
"Diablo IV","Elder Staff","Staff","2H Weapon","Rare","Elder Staff",,"Base","https://docs.google.com/spreadsheets/d/1ntoEmBH1AT6CWFz00dGHvN29rKW81Lik7MLHo4qpIjk/edit"
"Diablo IV","Ember Staff","Staff","2H Weapon","Rare","Iron Walking Stick",,"Base","https://docs.google.com/spreadsheets/d/1ntoEmBH1AT6CWFz00dGHvN29rKW81Lik7MLHo4qpIjk/edit"
"Diablo IV","Gnarled Staff","Staff","2H Weapon","Magic","Apothecary's Staff",,"Base","https://docs.google.com/spreadsheets/d/1ntoEmBH1AT6CWFz00dGHvN29rKW81Lik7MLHo4qpIjk/edit"
"Diablo IV","Gothic Staff","Staff","2H Weapon","Rare","Gothic Staff",,"Base","https://docs.google.com/spreadsheets/d/1ntoEmBH1AT6CWFz00dGHvN29rKW81Lik7MLHo4qpIjk/edit"
"Diablo IV","Heartwood Staff","Staff","2H Weapon","Rare","Heartwood Staff",,"Base","https://docs.google.com/spreadsheets/d/1ntoEmBH1AT6CWFz00dGHvN29rKW81Lik7MLHo4qpIjk/edit"
"Diablo IV","Horn Staff","Staff","2H Weapon","Rare","Horn Staff",,"Base","https://docs.google.com/spreadsheets/d/1ntoEmBH1AT6CWFz00dGHvN29rKW81Lik7MLHo4qpIjk/edit"
"Diablo IV","Iron Staff","Staff","2H Weapon","Magic","Dragon Staff",,"Base","https://docs.google.com/spreadsheets/d/1ntoEmBH1AT6CWFz00dGHvN29rKW81Lik7MLHo4qpIjk/edit"
"Diablo IV","Iron Walking Stick","Staff","2H Weapon","Rare","Iron Walking Stick",,"Base","https://docs.google.com/spreadsheets/d/1ntoEmBH1AT6CWFz00dGHvN29rKW81Lik7MLHo4qpIjk/edit"
"Diablo IV","Jo Staff","Staff","2H Weapon","Rare","Jo Staff",,"Base","https://docs.google.com/spreadsheets/d/1ntoEmBH1AT6CWFz00dGHvN29rKW81Lik7MLHo4qpIjk/edit"
"Diablo IV","Long Staff","Staff","2H Weapon","Rare","Horn Staff",,"Base","https://docs.google.com/spreadsheets/d/1ntoEmBH1AT6CWFz00dGHvN29rKW81Lik7MLHo4qpIjk/edit"
"Diablo IV","Medicine Staff","Staff","2H Weapon","Rare","Medicine Staff",,"Base","https://docs.google.com/spreadsheets/d/1ntoEmBH1AT6CWFz00dGHvN29rKW81Lik7MLHo4qpIjk/edit"
"Diablo IV","Monkey Staff (1)","Staff","2H Weapon","Rare","Monkey Staff",,"VOH","https://docs.google.com/spreadsheets/d/1ntoEmBH1AT6CWFz00dGHvN29rKW81Lik7MLHo4qpIjk/edit"
"Diablo IV","Monkey Staff (2)","Staff","2H Weapon","Rare","Monkey Staff",,"VOH","https://docs.google.com/spreadsheets/d/1ntoEmBH1AT6CWFz00dGHvN29rKW81Lik7MLHo4qpIjk/edit"
"Diablo IV","Obsidian Staff","Staff","2H Weapon","Rare","Apothecary's Staff",,"Base","https://docs.google.com/spreadsheets/d/1ntoEmBH1AT6CWFz00dGHvN29rKW81Lik7MLHo4qpIjk/edit"
"Diablo IV","Quarter Staff","Staff","2H Weapon","Rare","Medicine Staff",,"Base","https://docs.google.com/spreadsheets/d/1ntoEmBH1AT6CWFz00dGHvN29rKW81Lik7MLHo4qpIjk/edit"
"Diablo IV","Rough Staff","Staff","2H Weapon","Magic","Rough Staff",,"Base","https://docs.google.com/spreadsheets/d/1ntoEmBH1AT6CWFz00dGHvN29rKW81Lik7MLHo4qpIjk/edit"
"Diablo IV","Rugged Stave","Staff","2H Weapon","Magic","Tribal Staff",,"Base","https://docs.google.com/spreadsheets/d/1ntoEmBH1AT6CWFz00dGHvN29rKW81Lik7MLHo4qpIjk/edit"
"Diablo IV","Rune Staff","Staff","2H Weapon","Rare","Rune Staff",,"Base","https://docs.google.com/spreadsheets/d/1ntoEmBH1AT6CWFz00dGHvN29rKW81Lik7MLHo4qpIjk/edit"
"Diablo IV","Simple Staff","Staff","2H Weapon","Magic","Tribal Staff",,"Base","https://docs.google.com/spreadsheets/d/1ntoEmBH1AT6CWFz00dGHvN29rKW81Lik7MLHo4qpIjk/edit"
"Diablo IV","Spellstone Staff","Staff","2H Weapon","Rare","Spellstone Staff",,"LOH","https://docs.google.com/spreadsheets/d/1ntoEmBH1AT6CWFz00dGHvN29rKW81Lik7MLHo4qpIjk/edit"
"Diablo IV","Spirit of Eadaoin","Staff","2H Weapon","Rare","Rough Staff",,"Base","https://docs.google.com/spreadsheets/d/1ntoEmBH1AT6CWFz00dGHvN29rKW81Lik7MLHo4qpIjk/edit"
"Diablo IV","Staff","Staff","2H Weapon","Common","Staff (D)","Missing","Base","https://docs.google.com/spreadsheets/d/1ntoEmBH1AT6CWFz00dGHvN29rKW81Lik7MLHo4qpIjk/edit"
"Diablo IV","Staff","Staff","2H Weapon","Common","Staff (S)","Missing","Base","https://docs.google.com/spreadsheets/d/1ntoEmBH1AT6CWFz00dGHvN29rKW81Lik7MLHo4qpIjk/edit"
"Diablo IV","Staff of Elemental Command","Staff","2H Weapon","Rare","Dragon Staff",,"Base","https://docs.google.com/spreadsheets/d/1ntoEmBH1AT6CWFz00dGHvN29rKW81Lik7MLHo4qpIjk/edit"
"Diablo IV","Sturdy Staff","Staff","2H Weapon","Magic","Rough Staff",,"Base","https://docs.google.com/spreadsheets/d/1ntoEmBH1AT6CWFz00dGHvN29rKW81Lik7MLHo4qpIjk/edit"
"Diablo IV","Tribal Staff","Staff","2H Weapon","Rare","Tribal Staff",,"Base","https://docs.google.com/spreadsheets/d/1ntoEmBH1AT6CWFz00dGHvN29rKW81Lik7MLHo4qpIjk/edit"
"Diablo IV","War Staff","Staff","2H Weapon","Rare","Rune Staff",,"Base","https://docs.google.com/spreadsheets/d/1ntoEmBH1AT6CWFz00dGHvN29rKW81Lik7MLHo4qpIjk/edit"
"Diablo IV","War Staff","Staff","2H Weapon","Rare","War Staff",,"Base","https://docs.google.com/spreadsheets/d/1ntoEmBH1AT6CWFz00dGHvN29rKW81Lik7MLHo4qpIjk/edit"
"Diablo IV","Weathered Staff","Staff","2H Weapon","Rare","Weathered Staff",,"Base","https://docs.google.com/spreadsheets/d/1ntoEmBH1AT6CWFz00dGHvN29rKW81Lik7MLHo4qpIjk/edit"
"Diablo IV","Boot Blade","Sword","1H Weapon","Magic","Gladius",,"Base","https://docs.google.com/spreadsheets/d/1ntoEmBH1AT6CWFz00dGHvN29rKW81Lik7MLHo4qpIjk/edit"
"Diablo IV","Broad Sword (1)","Sword","1H Weapon","Rare","Broad Sword",,"Base","https://docs.google.com/spreadsheets/d/1ntoEmBH1AT6CWFz00dGHvN29rKW81Lik7MLHo4qpIjk/edit"
"Diablo IV","Broad Sword (2)","Sword","1H Weapon","Rare","Broad Sword",,"Base","https://docs.google.com/spreadsheets/d/1ntoEmBH1AT6CWFz00dGHvN29rKW81Lik7MLHo4qpIjk/edit"
"Diablo IV","BroadSword","Sword","1H Weapon","Magic","Short Sword (1)","Missing","Base","https://docs.google.com/spreadsheets/d/1ntoEmBH1AT6CWFz00dGHvN29rKW81Lik7MLHo4qpIjk/edit"
"Diablo IV","Carved Sword (1)","Sword","1H Weapon","Rare","Carved Sword",,"VOH","https://docs.google.com/spreadsheets/d/1ntoEmBH1AT6CWFz00dGHvN29rKW81Lik7MLHo4qpIjk/edit"
"Diablo IV","Carved Sword (2)","Sword","1H Weapon","Rare","Carved Sword",,"VOH","https://docs.google.com/spreadsheets/d/1ntoEmBH1AT6CWFz00dGHvN29rKW81Lik7MLHo4qpIjk/edit"
"Diablo IV","Darkblade","Sword","1H Weapon","Rare","Broad Sword",,"Base","https://docs.google.com/spreadsheets/d/1ntoEmBH1AT6CWFz00dGHvN29rKW81Lik7MLHo4qpIjk/edit"
"Diablo IV","Doomblade","Sword","1H Weapon","Rare","Doomblade",,"Base","https://docs.google.com/spreadsheets/d/1ntoEmBH1AT6CWFz00dGHvN29rKW81Lik7MLHo4qpIjk/edit"
"Diablo IV","Falchion","Sword","1H Weapon","Rare","Falchion",,"Base","https://docs.google.com/spreadsheets/d/1ntoEmBH1AT6CWFz00dGHvN29rKW81Lik7MLHo4qpIjk/edit"
"Diablo IV","Falchion","Sword","1H Weapon","Rare","Mangler",,"Base","https://docs.google.com/spreadsheets/d/1ntoEmBH1AT6CWFz00dGHvN29rKW81Lik7MLHo4qpIjk/edit"
"Diablo IV","Forgotten Sword","Sword","1H Weapon","Rare","Forgotten Sword","Missing","Base","https://docs.google.com/spreadsheets/d/1ntoEmBH1AT6CWFz00dGHvN29rKW81Lik7MLHo4qpIjk/edit"
"Diablo IV","Gladius (1)","Sword","1H Weapon","Rare","Gladius",,"Base","https://docs.google.com/spreadsheets/d/1ntoEmBH1AT6CWFz00dGHvN29rKW81Lik7MLHo4qpIjk/edit"
"Diablo IV","Gladius (2)","Sword","1H Weapon","Rare","Gladius",,"Base","https://docs.google.com/spreadsheets/d/1ntoEmBH1AT6CWFz00dGHvN29rKW81Lik7MLHo4qpIjk/edit"
"Diablo IV","LongSword","Sword","1H Weapon","Magic","Falchion",,"Base","https://docs.google.com/spreadsheets/d/1ntoEmBH1AT6CWFz00dGHvN29rKW81Lik7MLHo4qpIjk/edit"
"Diablo IV","Mangler","Sword","1H Weapon","Rare","Mangler",,"Base","https://docs.google.com/spreadsheets/d/1ntoEmBH1AT6CWFz00dGHvN29rKW81Lik7MLHo4qpIjk/edit"
"Diablo IV","Meshif's Sword","Sword","1H Weapon","Rare","Scimitar",,"Base","https://docs.google.com/spreadsheets/d/1ntoEmBH1AT6CWFz00dGHvN29rKW81Lik7MLHo4qpIjk/edit"
"Diablo IV","One-Eyed Swordman's Blade","Sword","1H Weapon","Rare","Scimitar",,"Base","https://docs.google.com/spreadsheets/d/1ntoEmBH1AT6CWFz00dGHvN29rKW81Lik7MLHo4qpIjk/edit"
"Diablo IV","Rune Blade (1)","Sword","1H Weapon","Rare","Rune Blade",,"Base","https://docs.google.com/spreadsheets/d/1ntoEmBH1AT6CWFz00dGHvN29rKW81Lik7MLHo4qpIjk/edit"
"Diablo IV","Rune Blade (2)","Sword","1H Weapon","Rare","Rune Blade",,"Base","https://docs.google.com/spreadsheets/d/1ntoEmBH1AT6CWFz00dGHvN29rKW81Lik7MLHo4qpIjk/edit"
"Diablo IV","Scimitar","Sword","1H Weapon","Magic","Falchion",,"Base","https://docs.google.com/spreadsheets/d/1ntoEmBH1AT6CWFz00dGHvN29rKW81Lik7MLHo4qpIjk/edit"
"Diablo IV","Scimitar","Sword","1H Weapon","Rare","Scimitar",,"Base","https://docs.google.com/spreadsheets/d/1ntoEmBH1AT6CWFz00dGHvN29rKW81Lik7MLHo4qpIjk/edit"
"Diablo IV","Short Sword","Sword","1H Weapon","Magic","Short Sword (1)","Missing","Base","https://docs.google.com/spreadsheets/d/1ntoEmBH1AT6CWFz00dGHvN29rKW81Lik7MLHo4qpIjk/edit"
"Diablo IV","Short Sword","Sword","1H Weapon","Common","Short Sword (2)",,"Base","https://docs.google.com/spreadsheets/d/1ntoEmBH1AT6CWFz00dGHvN29rKW81Lik7MLHo4qpIjk/edit"
"Diablo IV","ShortSword","Sword","1H Weapon","Magic","Falchion",,"Base","https://docs.google.com/spreadsheets/d/1ntoEmBH1AT6CWFz00dGHvN29rKW81Lik7MLHo4qpIjk/edit"
"Diablo IV","ShortSword","Sword","1H Weapon","Magic","Short Sword (1)","Missing","Base","https://docs.google.com/spreadsheets/d/1ntoEmBH1AT6CWFz00dGHvN29rKW81Lik7MLHo4qpIjk/edit"
"Diablo IV","Steel Defender","Sword","1H Weapon","Magic","Short Sword (1)","Missing","Base","https://docs.google.com/spreadsheets/d/1ntoEmBH1AT6CWFz00dGHvN29rKW81Lik7MLHo4qpIjk/edit"
"Diablo IV","War Sword (1)","Sword","1H Weapon","Rare","War Sword",,"Base","https://docs.google.com/spreadsheets/d/1ntoEmBH1AT6CWFz00dGHvN29rKW81Lik7MLHo4qpIjk/edit"
"Diablo IV","War Sword (2)","Sword","1H Weapon","Rare","War Sword",,"Base","https://docs.google.com/spreadsheets/d/1ntoEmBH1AT6CWFz00dGHvN29rKW81Lik7MLHo4qpIjk/edit"
"Diablo IV","Warbrand","Sword","1H Weapon","Rare","Warbrand",,"LOH","https://docs.google.com/spreadsheets/d/1ntoEmBH1AT6CWFz00dGHvN29rKW81Lik7MLHo4qpIjk/edit"
"Diablo IV","Zealot Blade","Sword","1H Weapon","Rare","Doomblade",,"Base","https://docs.google.com/spreadsheets/d/1ntoEmBH1AT6CWFz00dGHvN29rKW81Lik7MLHo4qpIjk/edit"
"Diablo IV","Apprentice's Wand","Wand","1H Weapon","Magic","Apprentice's Wand",,"Base","https://docs.google.com/spreadsheets/d/1ntoEmBH1AT6CWFz00dGHvN29rKW81Lik7MLHo4qpIjk/edit"
"Diablo IV","Apprentice's Wand (1)","Wand","1H Weapon","Common","Rudimentary Wand",,"Base","https://docs.google.com/spreadsheets/d/1ntoEmBH1AT6CWFz00dGHvN29rKW81Lik7MLHo4qpIjk/edit"
"Diablo IV","Apprentice's Wand (2)","Wand","1H Weapon","Magic","Rudimentary Wand",,"Base","https://docs.google.com/spreadsheets/d/1ntoEmBH1AT6CWFz00dGHvN29rKW81Lik7MLHo4qpIjk/edit"
"Diablo IV","Basic Wand","Wand","1H Weapon","Rare","Basic Wand",,"Base","https://docs.google.com/spreadsheets/d/1ntoEmBH1AT6CWFz00dGHvN29rKW81Lik7MLHo4qpIjk/edit"
"Diablo IV","Battle Wand","Wand","1H Weapon","Rare","Battle Wand",,"Base","https://docs.google.com/spreadsheets/d/1ntoEmBH1AT6CWFz00dGHvN29rKW81Lik7MLHo4qpIjk/edit"
"Diablo IV","Conjuration Wand","Wand","1H Weapon","Rare","Conjuration Wand",,"Base","https://docs.google.com/spreadsheets/d/1ntoEmBH1AT6CWFz00dGHvN29rKW81Lik7MLHo4qpIjk/edit"
"Diablo IV","Duelist Wand","Wand","1H Weapon","Rare","Duelist Wand",,"Base","https://docs.google.com/spreadsheets/d/1ntoEmBH1AT6CWFz00dGHvN29rKW81Lik7MLHo4qpIjk/edit"
"Diablo IV","Enchanter Wand","Wand","1H Weapon","Rare","Enchanter Wand",,"Base","https://docs.google.com/spreadsheets/d/1ntoEmBH1AT6CWFz00dGHvN29rKW81Lik7MLHo4qpIjk/edit"
"Diablo IV","Fecund Wand","Wand","1H Weapon","Rare","Fecund Wand",,"Base","https://docs.google.com/spreadsheets/d/1ntoEmBH1AT6CWFz00dGHvN29rKW81Lik7MLHo4qpIjk/edit"
"Diablo IV","Ghost Wand","Wand","1H Weapon","Rare","Magus Wand",,"Base","https://docs.google.com/spreadsheets/d/1ntoEmBH1AT6CWFz00dGHvN29rKW81Lik7MLHo4qpIjk/edit"
"Diablo IV","Grave Wand","Wand","1H Weapon","Rare","Grave Wand",,"Base","https://docs.google.com/spreadsheets/d/1ntoEmBH1AT6CWFz00dGHvN29rKW81Lik7MLHo4qpIjk/edit"
"Diablo IV","Grim Wand","Wand","1H Weapon","Rare","Mentor Wand",,"Base","https://docs.google.com/spreadsheets/d/1ntoEmBH1AT6CWFz00dGHvN29rKW81Lik7MLHo4qpIjk/edit"
"Diablo IV","Iron Wand","Wand","1H Weapon","Rare","Grave Wand",,"Base","https://docs.google.com/spreadsheets/d/1ntoEmBH1AT6CWFz00dGHvN29rKW81Lik7MLHo4qpIjk/edit"
"Diablo IV","Iron Wand (1)","Wand","1H Weapon","Rare","Iron Wand",,"VOH","https://docs.google.com/spreadsheets/d/1ntoEmBH1AT6CWFz00dGHvN29rKW81Lik7MLHo4qpIjk/edit"
"Diablo IV","Iron Wand (2)","Wand","1H Weapon","Rare","Iron Wand",,"VOH","https://docs.google.com/spreadsheets/d/1ntoEmBH1AT6CWFz00dGHvN29rKW81Lik7MLHo4qpIjk/edit"
"Diablo IV","Lesser Wand","Wand","1H Weapon","Magic","Oak Wand",,"Base","https://docs.google.com/spreadsheets/d/1ntoEmBH1AT6CWFz00dGHvN29rKW81Lik7MLHo4qpIjk/edit"
"Diablo IV","Lich Wand","Wand","1H Weapon","Rare","Conjuration Wand",,"Base","https://docs.google.com/spreadsheets/d/1ntoEmBH1AT6CWFz00dGHvN29rKW81Lik7MLHo4qpIjk/edit"
"Diablo IV","Magus Wand","Wand","1H Weapon","Rare","Magus Wand",,"Base","https://docs.google.com/spreadsheets/d/1ntoEmBH1AT6CWFz00dGHvN29rKW81Lik7MLHo4qpIjk/edit"
"Diablo IV","Makeshift Wand","Wand","1H Weapon","Magic","Rudimentary Wand",,"Base","https://docs.google.com/spreadsheets/d/1ntoEmBH1AT6CWFz00dGHvN29rKW81Lik7MLHo4qpIjk/edit"
"Diablo IV","Mentor Wand","Wand","1H Weapon","Rare","Mentor Wand",,"Base","https://docs.google.com/spreadsheets/d/1ntoEmBH1AT6CWFz00dGHvN29rKW81Lik7MLHo4qpIjk/edit"
"Diablo IV","Oak Wand","Wand","1H Weapon","Rare","Oak Wand",,"Base","https://docs.google.com/spreadsheets/d/1ntoEmBH1AT6CWFz00dGHvN29rKW81Lik7MLHo4qpIjk/edit"
"Diablo IV","Oak Wand","Wand","1H Weapon","Rare","Steel Wand",,"Base","https://docs.google.com/spreadsheets/d/1ntoEmBH1AT6CWFz00dGHvN29rKW81Lik7MLHo4qpIjk/edit"
"Diablo IV","Petrified Wand","Wand","1H Weapon","Rare","Petrified Wand",,"Base","https://docs.google.com/spreadsheets/d/1ntoEmBH1AT6CWFz00dGHvN29rKW81Lik7MLHo4qpIjk/edit"
"Diablo IV","Rough-Hewn Wand","Wand","1H Weapon","Magic","Oak Wand",,"Base","https://docs.google.com/spreadsheets/d/1ntoEmBH1AT6CWFz00dGHvN29rKW81Lik7MLHo4qpIjk/edit"
"Diablo IV","Rudimentary Wand","Wand","1H Weapon","Magic","Rudimentary Wand",,"Base","https://docs.google.com/spreadsheets/d/1ntoEmBH1AT6CWFz00dGHvN29rKW81Lik7MLHo4qpIjk/edit"
"Diablo IV","Sabre Wand","Wand","1H Weapon","Rare","Sabre Wand",,"LOH","https://docs.google.com/spreadsheets/d/1ntoEmBH1AT6CWFz00dGHvN29rKW81Lik7MLHo4qpIjk/edit"
"Diablo IV","Steel Wand","Wand","1H Weapon","Rare","Steel Wand",,"Base","https://docs.google.com/spreadsheets/d/1ntoEmBH1AT6CWFz00dGHvN29rKW81Lik7MLHo4qpIjk/edit"
"Diablo IV","Tomb Wand","Wand","1H Weapon","Rare","Enchanter Wand",,"Base","https://docs.google.com/spreadsheets/d/1ntoEmBH1AT6CWFz00dGHvN29rKW81Lik7MLHo4qpIjk/edit"
"Diablo IV","Wand","Wand","1H Weapon","Rare","Basic Wand",,"Base","https://docs.google.com/spreadsheets/d/1ntoEmBH1AT6CWFz00dGHvN29rKW81Lik7MLHo4qpIjk/edit"
"Diablo IV","Wand of Abe-Mari","Wand","1H Weapon","Rare","Basic Wand",,"Base","https://docs.google.com/spreadsheets/d/1ntoEmBH1AT6CWFz00dGHvN29rKW81Lik7MLHo4qpIjk/edit"
