"Game","Slot","ItemName","NameType","Source"
"Diablo III","Boots","Antique Vintage Boots","In-game item name","https://eu.diablo3.blizzard.com/en-us/item/boots/"
"Diablo III","Boots","Arachyr's Stride","In-game item name","https://eu.diablo3.blizzard.com/en-us/item/boots/"
"Diablo III","Boots","Archon Greaves","In-game item name","https://eu.diablo3.blizzard.com/en-us/item/boots/"
"Diablo III","Boots","Ascended Greaves","In-game item name","https://eu.diablo3.blizzard.com/en-us/item/boots/"
"Diablo III","Boots","Asheara's Finders","In-game item name","https://eu.diablo3.blizzard.com/en-us/item/boots/"
"Diablo III","Boots","Asheara's Tracks","In-game item name","https://eu.diablo3.blizzard.com/en-us/item/boots/"
"Diablo III","Boots","Astral Greaves","In-game item name","https://eu.diablo3.blizzard.com/en-us/item/boots/"
"Diablo III","Boots","Balor Treads","In-game item name","https://eu.diablo3.blizzard.com/en-us/item/boots/"
"Diablo III","Boots","Battle Greaves","In-game item name","https://eu.diablo3.blizzard.com/en-us/item/boots/"
"Diablo III","Boots","Blackthorne's Spurs","In-game item name","https://eu.diablo3.blizzard.com/en-us/item/boots/"
"Diablo III","Boots","Board Walkers","In-game item name","https://eu.diablo3.blizzard.com/en-us/item/boots/"
"Diablo III","Boots","Boj Anglers","In-game item name","https://eu.diablo3.blizzard.com/en-us/item/boots/"
"Diablo III","Boots","Boots","In-game item name","https://eu.diablo3.blizzard.com/en-us/item/boots/"
"Diablo III","Boots","Boots of Disregard","In-game item name","https://eu.diablo3.blizzard.com/en-us/item/boots/"
"Diablo III","Boots","Brogans","In-game item name","https://eu.diablo3.blizzard.com/en-us/item/boots/"
"Diablo III","Boots","Bryner's Journey","In-game item name","https://eu.diablo3.blizzard.com/en-us/item/boots/"
"Diablo III","Boots","Cain's Sandals","In-game item name","https://eu.diablo3.blizzard.com/en-us/item/boots/"
"Diablo III","Boots","Cain's Travelers","In-game item name","https://eu.diablo3.blizzard.com/en-us/item/boots/"
"Diablo III","Boots","Captain Crimson's Waders","In-game item name","https://eu.diablo3.blizzard.com/en-us/item/boots/"
"Diablo III","Boots","Captain Crimson's Whalers","In-game item name","https://eu.diablo3.blizzard.com/en-us/item/boots/"
"Diablo III","Boots","Chain Boots","In-game item name","https://eu.diablo3.blizzard.com/en-us/item/boots/"
"Diablo III","Boots","Doom Treads","In-game item name","https://eu.diablo3.blizzard.com/en-us/item/boots/"
"Diablo III","Boots","Eight-Demon Boots","In-game item name","https://eu.diablo3.blizzard.com/en-us/item/boots/"
"Diablo III","Boots","Extravagant Shoes","In-game item name","https://eu.diablo3.blizzard.com/en-us/item/boots/"
"Diablo III","Boots","Fire Walkers","In-game item name","https://eu.diablo3.blizzard.com/en-us/item/boots/"
"Diablo III","Boots","Firebird's Tarsi","In-game item name","https://eu.diablo3.blizzard.com/en-us/item/boots/"
"Diablo III","Boots","Foundation of the Earth","In-game item name","https://eu.diablo3.blizzard.com/en-us/item/boots/"
"Diablo III","Boots","Foundation of the Light","In-game item name","https://eu.diablo3.blizzard.com/en-us/item/boots/"
"Diablo III","Boots","Greaves","In-game item name","https://eu.diablo3.blizzard.com/en-us/item/boots/"
"Diablo III","Boots","Greaves of Valor","In-game item name","https://eu.diablo3.blizzard.com/en-us/item/boots/"
"Diablo III","Boots","Heavy Boots","In-game item name","https://eu.diablo3.blizzard.com/en-us/item/boots/"
"Diablo III","Boots","Heavy Sabatons","In-game item name","https://eu.diablo3.blizzard.com/en-us/item/boots/"
"Diablo III","Boots","Heel of Savages","In-game item name","https://eu.diablo3.blizzard.com/en-us/item/boots/"
"Diablo III","Boots","Hell Walkers","In-game item name","https://eu.diablo3.blizzard.com/en-us/item/boots/"
"Diablo III","Boots","Helltooth Greaves","In-game item name","https://eu.diablo3.blizzard.com/en-us/item/boots/"
"Diablo III","Boots","Ice Climbers","In-game item name","https://eu.diablo3.blizzard.com/en-us/item/boots/"
"Diablo III","Boots","Illusory Boots","In-game item name","https://eu.diablo3.blizzard.com/en-us/item/boots/"
"Diablo III","Boots","Immortal King's Stride","In-game item name","https://eu.diablo3.blizzard.com/en-us/item/boots/"
"Diablo III","Boots","Inarius's Perseverance","In-game item name","https://eu.diablo3.blizzard.com/en-us/item/boots/"
"Diablo III","Boots","Inna's Sandals","In-game item name","https://eu.diablo3.blizzard.com/en-us/item/boots/"
"Diablo III","Boots","Irontoe Mudsputters","In-game item name","https://eu.diablo3.blizzard.com/en-us/item/boots/"
"Diablo III","Boots","Jade Harvester's Swiftness","In-game item name","https://eu.diablo3.blizzard.com/en-us/item/boots/"
"Diablo III","Boots","Lost Boys","In-game item name","https://eu.diablo3.blizzard.com/en-us/item/boots/"
"Diablo III","Boots","Lut Socks","In-game item name","https://eu.diablo3.blizzard.com/en-us/item/boots/"
"Diablo III","Boots","Marauder's Treads","In-game item name","https://eu.diablo3.blizzard.com/en-us/item/boots/"
"Diablo III","Boots","Mundunugu's Dance","In-game item name","https://eu.diablo3.blizzard.com/en-us/item/boots/"
"Diablo III","Boots","Mystery Boots","In-game item name","https://eu.diablo3.blizzard.com/en-us/item/boots/"
"Diablo III","Boots","Natalya's Bloody Footprints","In-game item name","https://eu.diablo3.blizzard.com/en-us/item/boots/"
"Diablo III","Boots","Nilfur's Boast","In-game item name","https://eu.diablo3.blizzard.com/en-us/item/boots/"
"Diablo III","Boots","Pestilence Battle Boots","In-game item name","https://eu.diablo3.blizzard.com/en-us/item/boots/"
"Diablo III","Boots","Raekor's Striders","In-game item name","https://eu.diablo3.blizzard.com/en-us/item/boots/"
"Diablo III","Boots","Rakkisgard Greaves","In-game item name","https://eu.diablo3.blizzard.com/en-us/item/boots/"
"Diablo III","Boots","Rathma's Ossified Sabatons","In-game item name","https://eu.diablo3.blizzard.com/en-us/item/boots/"
"Diablo III","Boots","Rivera Dancers","In-game item name","https://eu.diablo3.blizzard.com/en-us/item/boots/"
"Diablo III","Boots","Roland's Stride","In-game item name","https://eu.diablo3.blizzard.com/en-us/item/boots/"
"Diablo III","Boots","Sabaton of the Wastes","In-game item name","https://eu.diablo3.blizzard.com/en-us/item/boots/"
"Diablo III","Boots","Sabatons","In-game item name","https://eu.diablo3.blizzard.com/en-us/item/boots/"
"Diablo III","Boots","Sabatons of Akkhan","In-game item name","https://eu.diablo3.blizzard.com/en-us/item/boots/"
"Diablo III","Boots","Sage's Journey","In-game item name","https://eu.diablo3.blizzard.com/en-us/item/boots/"
"Diablo III","Boots","Sage's Passage","In-game item name","https://eu.diablo3.blizzard.com/en-us/item/boots/"
"Diablo III","Boots","Shoes","In-game item name","https://eu.diablo3.blizzard.com/en-us/item/boots/"
"Diablo III","Boots","Silk Shoes","In-game item name","https://eu.diablo3.blizzard.com/en-us/item/boots/"
"Diablo III","Boots","Sovereign Greaves","In-game item name","https://eu.diablo3.blizzard.com/en-us/item/boots/"
"Diablo III","Boots","Steuart's Greaves","In-game item name","https://eu.diablo3.blizzard.com/en-us/item/boots/"
"Diablo III","Boots","Striders of Destiny","In-game item name","https://eu.diablo3.blizzard.com/en-us/item/boots/"
"Diablo III","Boots","The Crudest Boots","In-game item name","https://eu.diablo3.blizzard.com/en-us/item/boots/"
"Diablo III","Boots","The Shadow's Heels","In-game item name","https://eu.diablo3.blizzard.com/en-us/item/boots/"
"Diablo III","Boots","Trag'Oul's Stalwart Greaves","In-game item name","https://eu.diablo3.blizzard.com/en-us/item/boots/"
"Diablo III","Boots","Treads","In-game item name","https://eu.diablo3.blizzard.com/en-us/item/boots/"
"Diablo III","Boots","Typhon's Tarsus","In-game item name","https://eu.diablo3.blizzard.com/en-us/item/boots/"
"Diablo III","Boots","Uliana's Destiny","In-game item name","https://eu.diablo3.blizzard.com/en-us/item/boots/"
"Diablo III","Boots","Vyr's Swaggering Stance","In-game item name","https://eu.diablo3.blizzard.com/en-us/item/boots/"
"Diablo III","Boots","Warlord Boots","In-game item name","https://eu.diablo3.blizzard.com/en-us/item/boots/"
"Diablo III","Boots","Weaves of Justice","In-game item name","https://eu.diablo3.blizzard.com/en-us/item/boots/"
"Diablo III","Boots","Zeal of the Invoker","In-game item name","https://eu.diablo3.blizzard.com/en-us/item/boots/"
"Diablo III","Boots","Zunimassa's Trail","In-game item name","https://eu.diablo3.blizzard.com/en-us/item/boots/"
"Diablo III","Bow","Battle Bow","In-game item name","https://eu.diablo3.blizzard.com/en-us/item/bow/"
"Diablo III","Bow","Cluckeye","In-game item name","https://eu.diablo3.blizzard.com/en-us/item/bow/"
"Diablo III","Bow","Composite Bow","In-game item name","https://eu.diablo3.blizzard.com/en-us/item/bow/"
"Diablo III","Bow","Daikyu","In-game item name","https://eu.diablo3.blizzard.com/en-us/item/bow/"
"Diablo III","Bow","Doubleshot","In-game item name","https://eu.diablo3.blizzard.com/en-us/item/bow/"
"Diablo III","Bow","Etrayu","In-game item name","https://eu.diablo3.blizzard.com/en-us/item/bow/"
"Diablo III","Bow","Hankyu","In-game item name","https://eu.diablo3.blizzard.com/en-us/item/bow/"
"Diablo III","Bow","Higoyumi","In-game item name","https://eu.diablo3.blizzard.com/en-us/item/bow/"
"Diablo III","Bow","Hunting Bow","In-game item name","https://eu.diablo3.blizzard.com/en-us/item/bow/"
"Diablo III","Bow","Kridershot","In-game item name","https://eu.diablo3.blizzard.com/en-us/item/bow/"
"Diablo III","Bow","Leonine Bow of Hashir","In-game item name","https://eu.diablo3.blizzard.com/en-us/item/bow/"
"Diablo III","Bow","Long Bow","In-game item name","https://eu.diablo3.blizzard.com/en-us/item/bow/"
"Diablo III","Bow","Longshot","In-game item name","https://eu.diablo3.blizzard.com/en-us/item/bow/"
"Diablo III","Bow","Longshot Bow","In-game item name","https://eu.diablo3.blizzard.com/en-us/item/bow/"
"Diablo III","Bow","Maruki","In-game item name","https://eu.diablo3.blizzard.com/en-us/item/bow/"
"Diablo III","Bow","Odyssey's End","In-game item name","https://eu.diablo3.blizzard.com/en-us/item/bow/"
"Diablo III","Bow","Phantom Bow","In-game item name","https://eu.diablo3.blizzard.com/en-us/item/bow/"
"Diablo III","Bow","Ranger Bow","In-game item name","https://eu.diablo3.blizzard.com/en-us/item/bow/"
"Diablo III","Bow","Recurve Bow","In-game item name","https://eu.diablo3.blizzard.com/en-us/item/bow/"
"Diablo III","Bow","Revenant Bow","In-game item name","https://eu.diablo3.blizzard.com/en-us/item/bow/"
"Diablo III","Bow","Short Bow","In-game item name","https://eu.diablo3.blizzard.com/en-us/item/bow/"
"Diablo III","Bow","Siege Bow","In-game item name","https://eu.diablo3.blizzard.com/en-us/item/bow/"
"Diablo III","Bow","Sniper Bow","In-game item name","https://eu.diablo3.blizzard.com/en-us/item/bow/"
"Diablo III","Bow","Sydyru Crust","In-game item name","https://eu.diablo3.blizzard.com/en-us/item/bow/"
"Diablo III","Bow","The Raven's Wing","In-game item name","https://eu.diablo3.blizzard.com/en-us/item/bow/"
"Diablo III","Bow","Twinbow","In-game item name","https://eu.diablo3.blizzard.com/en-us/item/bow/"
"Diablo III","Bow","Unbound Bolt","In-game item name","https://eu.diablo3.blizzard.com/en-us/item/bow/"
"Diablo III","Bow","Uskang","In-game item name","https://eu.diablo3.blizzard.com/en-us/item/bow/"
"Diablo III","Bow","Venomhusk","In-game item name","https://eu.diablo3.blizzard.com/en-us/item/bow/"
"Diablo III","Bow","Warden Bow","In-game item name","https://eu.diablo3.blizzard.com/en-us/item/bow/"
"Diablo III","Bow","Windforce","In-game item name","https://eu.diablo3.blizzard.com/en-us/item/bow/"
"Diablo III","Bow","Yang's Recurve","In-game item name","https://eu.diablo3.blizzard.com/en-us/item/bow/"
"Diablo III","Bow","Yumi","In-game item name","https://eu.diablo3.blizzard.com/en-us/item/bow/"
"Diablo III","Dagger","Basilard","In-game item name","https://eu.diablo3.blizzard.com/en-us/item/dagger/"
"Diablo III","Dagger","Blood-Magic Blade","In-game item name","https://eu.diablo3.blizzard.com/en-us/item/dagger/"
"Diablo III","Dagger","Blood-Magic Edge","In-game item name","https://eu.diablo3.blizzard.com/en-us/item/dagger/"
"Diablo III","Dagger","Cinquedea","In-game item name","https://eu.diablo3.blizzard.com/en-us/item/dagger/"
"Diablo III","Dagger","Dagger","In-game item name","https://eu.diablo3.blizzard.com/en-us/item/dagger/"
"Diablo III","Dagger","Darkblade","In-game item name","https://eu.diablo3.blizzard.com/en-us/item/dagger/"
"Diablo III","Dagger","Envious Blade","In-game item name","https://eu.diablo3.blizzard.com/en-us/item/dagger/"
"Diablo III","Dagger","Eun-jang-do","In-game item name","https://eu.diablo3.blizzard.com/en-us/item/dagger/"
"Diablo III","Dagger","Jagged Dagger","In-game item name","https://eu.diablo3.blizzard.com/en-us/item/dagger/"
"Diablo III","Dagger","Karlei's Point","In-game item name","https://eu.diablo3.blizzard.com/en-us/item/dagger/"
"Diablo III","Dagger","Kindjal","In-game item name","https://eu.diablo3.blizzard.com/en-us/item/dagger/"
"Diablo III","Dagger","Kingsport Blade","In-game item name","https://eu.diablo3.blizzard.com/en-us/item/dagger/"
"Diablo III","Dagger","Kukri","In-game item name","https://eu.diablo3.blizzard.com/en-us/item/dagger/"
"Diablo III","Dagger","Lord Greenstone's Fan","In-game item name","https://eu.diablo3.blizzard.com/en-us/item/dagger/"
"Diablo III","Dagger","Main Gauche","In-game item name","https://eu.diablo3.blizzard.com/en-us/item/dagger/"
"Diablo III","Dagger","Pavade","In-game item name","https://eu.diablo3.blizzard.com/en-us/item/dagger/"
"Diablo III","Dagger","Piercer","In-game item name","https://eu.diablo3.blizzard.com/en-us/item/dagger/"
"Diablo III","Dagger","Pig Sticker","In-game item name","https://eu.diablo3.blizzard.com/en-us/item/dagger/"
"Diablo III","Dagger","Poignard","In-game item name","https://eu.diablo3.blizzard.com/en-us/item/dagger/"
"Diablo III","Dagger","Pugio","In-game item name","https://eu.diablo3.blizzard.com/en-us/item/dagger/"
"Diablo III","Dagger","Punyal","In-game item name","https://eu.diablo3.blizzard.com/en-us/item/dagger/"
"Diablo III","Dagger","Rondel","In-game item name","https://eu.diablo3.blizzard.com/en-us/item/dagger/"
"Diablo III","Dagger","Scramasax","In-game item name","https://eu.diablo3.blizzard.com/en-us/item/dagger/"
"Diablo III","Dagger","Shiv","In-game item name","https://eu.diablo3.blizzard.com/en-us/item/dagger/"
"Diablo III","Dagger","Short Dagger","In-game item name","https://eu.diablo3.blizzard.com/en-us/item/dagger/"
"Diablo III","Dagger","Simple Dagger","In-game item name","https://eu.diablo3.blizzard.com/en-us/item/dagger/"
"Diablo III","Dagger","Skain","In-game item name","https://eu.diablo3.blizzard.com/en-us/item/dagger/"
"Diablo III","Dagger","Skiver","In-game item name","https://eu.diablo3.blizzard.com/en-us/item/dagger/"
"Diablo III","Dagger","Spine","In-game item name","https://eu.diablo3.blizzard.com/en-us/item/dagger/"
"Diablo III","Dagger","Stiletto","In-game item name","https://eu.diablo3.blizzard.com/en-us/item/dagger/"
"Diablo III","Dagger","The Clipper","In-game item name","https://eu.diablo3.blizzard.com/en-us/item/dagger/"
"Diablo III","Dagger","The Horadric Hamburger","In-game item name","https://eu.diablo3.blizzard.com/en-us/item/dagger/"
"Diablo III","Dagger","Wizardspike","In-game item name","https://eu.diablo3.blizzard.com/en-us/item/dagger/"
"Diablo III","Gloves","Arachyr's Claws","In-game item name","https://eu.diablo3.blizzard.com/en-us/item/gloves/"
"Diablo III","Gloves","Archon Gauntlets","In-game item name","https://eu.diablo3.blizzard.com/en-us/item/gloves/"
"Diablo III","Gloves","Ascended Gauntlets","In-game item name","https://eu.diablo3.blizzard.com/en-us/item/gloves/"
"Diablo III","Gloves","Asheara's Iron Fist","In-game item name","https://eu.diablo3.blizzard.com/en-us/item/gloves/"
"Diablo III","Gloves","Asheara's Ward","In-game item name","https://eu.diablo3.blizzard.com/en-us/item/gloves/"
"Diablo III","Gloves","Balor Fists","In-game item name","https://eu.diablo3.blizzard.com/en-us/item/gloves/"
"Diablo III","Gloves","Battle Gauntlets","In-game item name","https://eu.diablo3.blizzard.com/en-us/item/gloves/"
"Diablo III","Gloves","Bazubands of Justice","In-game item name","https://eu.diablo3.blizzard.com/en-us/item/gloves/"
"Diablo III","Gloves","Boneweave Gauntlets","In-game item name","https://eu.diablo3.blizzard.com/en-us/item/gloves/"
"Diablo III","Gloves","Cain's Scribe","In-game item name","https://eu.diablo3.blizzard.com/en-us/item/gloves/"
"Diablo III","Gloves","Cain's Scrivener","In-game item name","https://eu.diablo3.blizzard.com/en-us/item/gloves/"
"Diablo III","Gloves","Chain Gloves","In-game item name","https://eu.diablo3.blizzard.com/en-us/item/gloves/"
"Diablo III","Gloves","Claws of Savages","In-game item name","https://eu.diablo3.blizzard.com/en-us/item/gloves/"
"Diablo III","Gloves","Etched Gloves","In-game item name","https://eu.diablo3.blizzard.com/en-us/item/gloves/"
"Diablo III","Gloves","Fiendish Grips","In-game item name","https://eu.diablo3.blizzard.com/en-us/item/gloves/"
"Diablo III","Gloves","Fierce Gauntlets","In-game item name","https://eu.diablo3.blizzard.com/en-us/item/gloves/"
"Diablo III","Gloves","Firebird's Talons","In-game item name","https://eu.diablo3.blizzard.com/en-us/item/gloves/"
"Diablo III","Gloves","Fists of Thunder","In-game item name","https://eu.diablo3.blizzard.com/en-us/item/gloves/"
"Diablo III","Gloves","Frostburn","In-game item name","https://eu.diablo3.blizzard.com/en-us/item/gloves/"
"Diablo III","Gloves","Gas Powered Automail Forearm","In-game item name","https://eu.diablo3.blizzard.com/en-us/item/gloves/"
"Diablo III","Gloves","Gauntlet of the Wastes","In-game item name","https://eu.diablo3.blizzard.com/en-us/item/gloves/"
"Diablo III","Gloves","Gauntlets","In-game item name","https://eu.diablo3.blizzard.com/en-us/item/gloves/"
"Diablo III","Gloves","Gauntlets of Akkhan","In-game item name","https://eu.diablo3.blizzard.com/en-us/item/gloves/"
"Diablo III","Gloves","Gauntlets of Valor","In-game item name","https://eu.diablo3.blizzard.com/en-us/item/gloves/"
"Diablo III","Gloves","Gladiator Gauntlets","In-game item name","https://eu.diablo3.blizzard.com/en-us/item/gloves/"
"Diablo III","Gloves","Gloves","In-game item name","https://eu.diablo3.blizzard.com/en-us/item/gloves/"
"Diablo III","Gloves","Gloves of Worship","In-game item name","https://eu.diablo3.blizzard.com/en-us/item/gloves/"
"Diablo III","Gloves","Grasps of Essence","In-game item name","https://eu.diablo3.blizzard.com/en-us/item/gloves/"
"Diablo III","Gloves","Grips","In-game item name","https://eu.diablo3.blizzard.com/en-us/item/gloves/"
"Diablo III","Gloves","Helltooth Gauntlets","In-game item name","https://eu.diablo3.blizzard.com/en-us/item/gloves/"
"Diablo III","Gloves","Hide Gloves","In-game item name","https://eu.diablo3.blizzard.com/en-us/item/gloves/"
"Diablo III","Gloves","Immortal King's Irons","In-game item name","https://eu.diablo3.blizzard.com/en-us/item/gloves/"
"Diablo III","Gloves","Inarius's Will","In-game item name","https://eu.diablo3.blizzard.com/en-us/item/gloves/"
"Diablo III","Gloves","Inna's Hold","In-game item name","https://eu.diablo3.blizzard.com/en-us/item/gloves/"
"Diablo III","Gloves","Jade Harvester's Mercy","In-game item name","https://eu.diablo3.blizzard.com/en-us/item/gloves/"
"Diablo III","Gloves","Lavishing Gloves","In-game item name","https://eu.diablo3.blizzard.com/en-us/item/gloves/"
"Diablo III","Gloves","Leather Gloves","In-game item name","https://eu.diablo3.blizzard.com/en-us/item/gloves/"
"Diablo III","Gloves","Magefist","In-game item name","https://eu.diablo3.blizzard.com/en-us/item/gloves/"
"Diablo III","Gloves","Manifers","In-game item name","https://eu.diablo3.blizzard.com/en-us/item/gloves/"
"Diablo III","Gloves","Marauder's Gloves","In-game item name","https://eu.diablo3.blizzard.com/en-us/item/gloves/"
"Diablo III","Gloves","Moribund Gauntlets","In-game item name","https://eu.diablo3.blizzard.com/en-us/item/gloves/"
"Diablo III","Gloves","Mundunugu's Rhythm","In-game item name","https://eu.diablo3.blizzard.com/en-us/item/gloves/"
"Diablo III","Gloves","Mystery Gloves","In-game item name","https://eu.diablo3.blizzard.com/en-us/item/gloves/"
"Diablo III","Gloves","Natalya's Touch","In-game item name","https://eu.diablo3.blizzard.com/en-us/item/gloves/"
"Diablo III","Gloves","Pendergrasps","In-game item name","https://eu.diablo3.blizzard.com/en-us/item/gloves/"
"Diablo III","Gloves","Penders Purchase","In-game item name","https://eu.diablo3.blizzard.com/en-us/item/gloves/"
"Diablo III","Gloves","Pestilence Gloves","In-game item name","https://eu.diablo3.blizzard.com/en-us/item/gloves/"
"Diablo III","Gloves","Plated Gauntlets","In-game item name","https://eu.diablo3.blizzard.com/en-us/item/gloves/"
"Diablo III","Gloves","Pride of the Invoker","In-game item name","https://eu.diablo3.blizzard.com/en-us/item/gloves/"
"Diablo III","Gloves","Pull of the Earth","In-game item name","https://eu.diablo3.blizzard.com/en-us/item/gloves/"
"Diablo III","Gloves","Raekor's Wraps","In-game item name","https://eu.diablo3.blizzard.com/en-us/item/gloves/"
"Diablo III","Gloves","Rakkisgard Gauntlets","In-game item name","https://eu.diablo3.blizzard.com/en-us/item/gloves/"
"Diablo III","Gloves","Rathma's Macabre Vambraces","In-game item name","https://eu.diablo3.blizzard.com/en-us/item/gloves/"
"Diablo III","Gloves","Roland's Grasp","In-game item name","https://eu.diablo3.blizzard.com/en-us/item/gloves/"
"Diablo III","Gloves","Sage's Gesture","In-game item name","https://eu.diablo3.blizzard.com/en-us/item/gloves/"
"Diablo III","Gloves","Sage's Purchase","In-game item name","https://eu.diablo3.blizzard.com/en-us/item/gloves/"
"Diablo III","Gloves","Sovereign Vambraces","In-game item name","https://eu.diablo3.blizzard.com/en-us/item/gloves/"
"Diablo III","Gloves","Splint Mail Gloves","In-game item name","https://eu.diablo3.blizzard.com/en-us/item/gloves/"
"Diablo III","Gloves","St. Archew's Gage","In-game item name","https://eu.diablo3.blizzard.com/en-us/item/gloves/"
"Diablo III","Gloves","Stone Gauntlets","In-game item name","https://eu.diablo3.blizzard.com/en-us/item/gloves/"
"Diablo III","Gloves","Stranglers","In-game item name","https://eu.diablo3.blizzard.com/en-us/item/gloves/"
"Diablo III","Gloves","Sunwuko's Paws","In-game item name","https://eu.diablo3.blizzard.com/en-us/item/gloves/"
"Diablo III","Gloves","Tal Rasha's Grasp","In-game item name","https://eu.diablo3.blizzard.com/en-us/item/gloves/"
"Diablo III","Gloves","Tasker and Theo","In-game item name","https://eu.diablo3.blizzard.com/en-us/item/gloves/"
"Diablo III","Gloves","The Shadow's Grasp","In-game item name","https://eu.diablo3.blizzard.com/en-us/item/gloves/"
"Diablo III","Gloves","Trag'Oul's Claws","In-game item name","https://eu.diablo3.blizzard.com/en-us/item/gloves/"
"Diablo III","Gloves","Typhon's Claws","In-game item name","https://eu.diablo3.blizzard.com/en-us/item/gloves/"
"Diablo III","Gloves","Uliana's Fury","In-game item name","https://eu.diablo3.blizzard.com/en-us/item/gloves/"
"Diablo III","Gloves","Vambraces","In-game item name","https://eu.diablo3.blizzard.com/en-us/item/gloves/"
"Diablo III","Gloves","Vyr's Grasping Gauntlets","In-game item name","https://eu.diablo3.blizzard.com/en-us/item/gloves/"
"Diablo III","Gloves","Warlord Gauntlets","In-game item name","https://eu.diablo3.blizzard.com/en-us/item/gloves/"
"Diablo III","Gloves","Will of the Light","In-game item name","https://eu.diablo3.blizzard.com/en-us/item/gloves/"
"Diablo III","Gloves","Zunimassa's Finger Wraps","In-game item name","https://eu.diablo3.blizzard.com/en-us/item/gloves/"
"Diablo III","Sword","Amberwing","In-game item name","https://eu.diablo3.blizzard.com/en-us/item/sword-1h/"
"Diablo III","Sword","Ancient Sword","In-game item name","https://eu.diablo3.blizzard.com/en-us/item/sword-1h/"
"Diablo III","Sword","Azurewrath","In-game item name","https://eu.diablo3.blizzard.com/en-us/item/sword-1h/"
"Diablo III","Sword","Bastard Sword","In-game item name","https://eu.diablo3.blizzard.com/en-us/item/sword-1h/"
"Diablo III","Sword","Battle Sword","In-game item name","https://eu.diablo3.blizzard.com/en-us/item/sword-1h/"
"Diablo III","Sword","Blackguard","In-game item name","https://eu.diablo3.blizzard.com/en-us/item/sword-2h/"
"Diablo III","Sword","Blade of Prophecy","In-game item name","https://eu.diablo3.blizzard.com/en-us/item/sword-2h/"
"Diablo III","Sword","Blood Brother","In-game item name","https://eu.diablo3.blizzard.com/en-us/item/sword-2h/"
"Diablo III","Sword","Born's Furious Wrath","In-game item name","https://eu.diablo3.blizzard.com/en-us/item/sword-1h/"
"Diablo III","Sword","Born's Searing Spite","In-game item name","https://eu.diablo3.blizzard.com/en-us/item/sword-1h/"
"Diablo III","Sword","Brimstone Sword","In-game item name","https://eu.diablo3.blizzard.com/en-us/item/sword-2h/"
"Diablo III","Sword","Broadsword","In-game item name","https://eu.diablo3.blizzard.com/en-us/item/sword-1h/"
"Diablo III","Sword","Cam's Rebuttal","In-game item name","https://eu.diablo3.blizzard.com/en-us/item/sword-2h/"
"Diablo III","Sword","Champion Sword","In-game item name","https://eu.diablo3.blizzard.com/en-us/item/sword-1h/"
"Diablo III","Sword","Claymore","In-game item name","https://eu.diablo3.blizzard.com/en-us/item/sword-2h/"
"Diablo III","Sword","Colossus Blade","In-game item name","https://eu.diablo3.blizzard.com/en-us/item/sword-2h/"
"Diablo III","Sword","Conquest Sword","In-game item name","https://eu.diablo3.blizzard.com/en-us/item/sword-1h/"
"Diablo III","Sword","Corrupted Ashbringer","In-game item name","https://eu.diablo3.blizzard.com/en-us/item/sword-2h/"
"Diablo III","Sword","Cutlass","In-game item name","https://eu.diablo3.blizzard.com/en-us/item/sword-1h/"
"Diablo III","Sword","Dao","In-game item name","https://eu.diablo3.blizzard.com/en-us/item/sword-1h/"
"Diablo III","Sword","Deathwish","In-game item name","https://eu.diablo3.blizzard.com/en-us/item/sword-1h/"
"Diablo III","Sword","Dervish","In-game item name","https://eu.diablo3.blizzard.com/en-us/item/sword-2h/"
"Diablo III","Sword","Devil Tongue","In-game item name","https://eu.diablo3.blizzard.com/en-us/item/sword-1h/"
"Diablo III","Sword","Doombringer","In-game item name","https://eu.diablo3.blizzard.com/en-us/item/sword-1h/"
"Diablo III","Sword","Exarian","In-game item name","https://eu.diablo3.blizzard.com/en-us/item/sword-1h/"
"Diablo III","Sword","Executioner Sword","In-game item name","https://eu.diablo3.blizzard.com/en-us/item/sword-2h/"
"Diablo III","Sword","Faithful Memory","In-game item name","https://eu.diablo3.blizzard.com/en-us/item/sword-2h/"
"Diablo III","Sword","Falchion","In-game item name","https://eu.diablo3.blizzard.com/en-us/item/sword-1h/"
"Diablo III","Sword","Flamberge","In-game item name","https://eu.diablo3.blizzard.com/en-us/item/sword-2h/"
"Diablo III","Sword","Fulminator","In-game item name","https://eu.diablo3.blizzard.com/en-us/item/sword-1h/"
"Diablo III","Sword","Ghoul King's Blade","In-game item name","https://eu.diablo3.blizzard.com/en-us/item/sword-1h/"
"Diablo III","Sword","Gift of Silaria","In-game item name","https://eu.diablo3.blizzard.com/en-us/item/sword-1h/"
"Diablo III","Sword","Gladius","In-game item name","https://eu.diablo3.blizzard.com/en-us/item/sword-1h/"
"Diablo III","Sword","God Butcher","In-game item name","https://eu.diablo3.blizzard.com/en-us/item/sword-1h/"
"Diablo III","Sword","Gothic Blade","In-game item name","https://eu.diablo3.blizzard.com/en-us/item/sword-2h/"
"Diablo III","Sword","Grand Sword","In-game item name","https://eu.diablo3.blizzard.com/en-us/item/sword-2h/"
"Diablo III","Sword","Great Sword","In-game item name","https://eu.diablo3.blizzard.com/en-us/item/sword-2h/"
"Diablo III","Sword","Griswold's Edge","In-game item name","https://eu.diablo3.blizzard.com/en-us/item/sword-1h/"
"Diablo III","Sword","Griswold's Masterpiece","In-game item name","https://eu.diablo3.blizzard.com/en-us/item/sword-1h/"
"Diablo III","Sword","Griswold's Perfection","In-game item name","https://eu.diablo3.blizzard.com/en-us/item/sword-1h/"
"Diablo III","Sword","Griswold's Worn Edge","In-game item name","https://eu.diablo3.blizzard.com/en-us/item/sword-1h/"
"Diablo III","Sword","Highland Sword","In-game item name","https://eu.diablo3.blizzard.com/en-us/item/sword-2h/"
"Diablo III","Sword","In-geom","In-game item name","https://eu.diablo3.blizzard.com/en-us/item/sword-1h/"
"Diablo III","Sword","Kilij","In-game item name","https://eu.diablo3.blizzard.com/en-us/item/sword-2h/"
"Diablo III","Sword","King Blade","In-game item name","https://eu.diablo3.blizzard.com/en-us/item/sword-1h/"
"Diablo III","Sword","King's Sword of Haste","In-game item name","https://eu.diablo3.blizzard.com/en-us/item/sword-1h/"
"Diablo III","Sword","Kingslayer","In-game item name","https://eu.diablo3.blizzard.com/en-us/item/sword-2h/"
"Diablo III","Sword","Knight Sword","In-game item name","https://eu.diablo3.blizzard.com/en-us/item/sword-1h/"
"Diablo III","Sword","Little Rogue","In-game item name","https://eu.diablo3.blizzard.com/en-us/item/sword-1h/"
"Diablo III","Sword","Longsword","In-game item name","https://eu.diablo3.blizzard.com/en-us/item/sword-1h/"
"Diablo III","Sword","Mameluke","In-game item name","https://eu.diablo3.blizzard.com/en-us/item/sword-2h/"
"Diablo III","Sword","Maximus","In-game item name","https://eu.diablo3.blizzard.com/en-us/item/sword-2h/"
"Diablo III","Sword","Monster Hunter","In-game item name","https://eu.diablo3.blizzard.com/en-us/item/sword-1h/"
"Diablo III","Sword","Nagamaki","In-game item name","https://eu.diablo3.blizzard.com/en-us/item/sword-2h/"
"Diablo III","Sword","Nodachi","In-game item name","https://eu.diablo3.blizzard.com/en-us/item/sword-2h/"
"Diablo III","Sword","Oni Blade","In-game item name","https://eu.diablo3.blizzard.com/en-us/item/sword-2h/"
"Diablo III","Sword","Pirate Sword","In-game item name","https://eu.diablo3.blizzard.com/en-us/item/sword-1h/"
"Diablo III","Sword","Quinquennial Sword","In-game item name","https://eu.diablo3.blizzard.com/en-us/item/sword-1h/"
"Diablo III","Sword","Raid Sword","In-game item name","https://eu.diablo3.blizzard.com/en-us/item/sword-1h/"
"Diablo III","Sword","Rakanishu's Blade","In-game item name","https://eu.diablo3.blizzard.com/en-us/item/sword-1h/"
"Diablo III","Sword","Reaver","In-game item name","https://eu.diablo3.blizzard.com/en-us/item/sword-2h/"
"Diablo III","Sword","Rimeheart","In-game item name","https://eu.diablo3.blizzard.com/en-us/item/sword-1h/"
"Diablo III","Sword","Rune Sword","In-game item name","https://eu.diablo3.blizzard.com/en-us/item/sword-1h/"
"Diablo III","Sword","Sabre","In-game item name","https://eu.diablo3.blizzard.com/en-us/item/sword-1h/"
"Diablo III","Sword","Saif","In-game item name","https://eu.diablo3.blizzard.com/en-us/item/sword-1h/"
"Diablo III","Sword","Scimitar","In-game item name","https://eu.diablo3.blizzard.com/en-us/item/sword-1h/"
"Diablo III","Sword","Scourge","In-game item name","https://eu.diablo3.blizzard.com/en-us/item/sword-2h/"
"Diablo III","Sword","Second Quinquennial Sword","In-game item name","https://eu.diablo3.blizzard.com/en-us/item/sword-1h/"
"Diablo III","Sword","Sever","In-game item name","https://eu.diablo3.blizzard.com/en-us/item/sword-1h/"
"Diablo III","Sword","Shamshir","In-game item name","https://eu.diablo3.blizzard.com/en-us/item/sword-1h/"
"Diablo III","Sword","Shard of Hate","In-game item name","https://eu.diablo3.blizzard.com/en-us/item/sword-1h/"
"Diablo III","Sword","Short Sword","In-game item name","https://eu.diablo3.blizzard.com/en-us/item/sword-1h/"
"Diablo III","Sword","Skycutter","In-game item name","https://eu.diablo3.blizzard.com/en-us/item/sword-1h/"
"Diablo III","Sword","Spatha","In-game item name","https://eu.diablo3.blizzard.com/en-us/item/sword-1h/"
"Diablo III","Sword","Spectrum","In-game item name","https://eu.diablo3.blizzard.com/en-us/item/sword-1h/"
"Diablo III","Sword","Splintered Oar","In-game item name","https://eu.diablo3.blizzard.com/en-us/item/sword-2h/"
"Diablo III","Sword","Stalgard's Decimator","In-game item name","https://eu.diablo3.blizzard.com/en-us/item/sword-2h/"
"Diablo III","Sword","Strong Sword","In-game item name","https://eu.diablo3.blizzard.com/en-us/item/sword-1h/"
"Diablo III","Sword","Sword of Ill Will","In-game item name","https://eu.diablo3.blizzard.com/en-us/item/sword-1h/"
"Diablo III","Sword","Sword of Mediocrity","In-game item name","https://eu.diablo3.blizzard.com/en-us/item/sword-1h/"
"Diablo III","Sword","The Ancient Bonesaber of Zumakalis","In-game item name","https://eu.diablo3.blizzard.com/en-us/item/sword-1h/"
"Diablo III","Sword","The Grandfather","In-game item name","https://eu.diablo3.blizzard.com/en-us/item/sword-2h/"
"Diablo III","Sword","The Slanderer","In-game item name","https://eu.diablo3.blizzard.com/en-us/item/sword-1h/"
"Diablo III","Sword","The Sultan of Blinding Sand","In-game item name","https://eu.diablo3.blizzard.com/en-us/item/sword-2h/"
"Diablo III","Sword","The Twisted Sword","In-game item name","https://eu.diablo3.blizzard.com/en-us/item/sword-1h/"
"Diablo III","Sword","The Zweihander","In-game item name","https://eu.diablo3.blizzard.com/en-us/item/sword-2h/"
"Diablo III","Sword","Thunderfury, Blessed Blade of the Windseeker","In-game item name","https://eu.diablo3.blizzard.com/en-us/item/sword-1h/"
"Diablo III","Sword","Tsunami Blade","In-game item name","https://eu.diablo3.blizzard.com/en-us/item/sword-1h/"
"Diablo III","Sword","Tulwar","In-game item name","https://eu.diablo3.blizzard.com/en-us/item/sword-1h/"
"Diablo III","Sword","Two-Handed Sword","In-game item name","https://eu.diablo3.blizzard.com/en-us/item/sword-2h/"
"Diablo III","Sword","War Sword","In-game item name","https://eu.diablo3.blizzard.com/en-us/item/sword-1h/"
"Diablo III","Sword","Warlord Sword","In-game item name","https://eu.diablo3.blizzard.com/en-us/item/sword-2h/"
"Diablo III","Sword","Warmonger","In-game item name","https://eu.diablo3.blizzard.com/en-us/item/sword-2h/"
"Diablo III","Sword","Wildwood","In-game item name","https://eu.diablo3.blizzard.com/en-us/item/sword-1h/"
"Diablo III","Sword","Yatagan","In-game item name","https://eu.diablo3.blizzard.com/en-us/item/sword-2h/"
"Diablo IV","Boots","100,000 Steps","Unique item","https://d4planner.io/items"
"Diablo IV","Boots","Beastfall Boots","Unique item","https://d4planner.io/items"
"Diablo IV","Boots","Esu's Heirloom","Unique item","https://d4planner.io/items"
"Diablo IV","Boots","Flickerstep","Unique item","https://d4planner.io/items"
"Diablo IV","Boots","Greaves of the Empty Tomb","Unique item","https://d4planner.io/items"
"Diablo IV","Boots","Path of Trag'Oul","Unique item","https://d4planner.io/items"
"Diablo IV","Boots","Penitent Greaves","Unique item","https://d4planner.io/items"
"Diablo IV","Boots","PH Barb Boots","Unique item","https://d4planner.io/items"
"Diablo IV","Boots","Rakanoth's Wake","Unique item","https://d4planner.io/items"
"Diablo IV","Boots","Scorn of the Earth","Unique item","https://d4planner.io/items"
"Diablo IV","Boots","Wildheart Hunger","Unique item","https://d4planner.io/items"
"Diablo IV","Boots","Yen's Blessing","Unique item","https://d4planner.io/items"
"Diablo IV","Bow","Eaglehorn","Unique item","https://d4planner.io/items"
"Diablo IV","Bow","Skyhunter","Unique item","https://d4planner.io/items"
"Diablo IV","Bow","Windforce","Unique item","https://d4planner.io/items"
"Diablo IV","Dagger","Asheara's Khanjar","Unique item","https://d4planner.io/items"
"Diablo IV","Dagger","Condemnation","Unique item","https://d4planner.io/items"
"Diablo IV","Dagger","The Mortacrux","Unique item","https://d4planner.io/items"
"Diablo IV","Dagger","The Mortacrux / The Umbracrux","Unique item","https://d4planner.io/items"
"Diablo IV","Dagger","The Umbracrux","Unique item","https://d4planner.io/items"
"Diablo IV","Gloves","Craze of the Dead God","Unique item","https://d4planner.io/items"
"Diablo IV","Gloves","Cruor's Embrace","Unique item","https://d4planner.io/items"
"Diablo IV","Gloves","Endurant Faith","Unique item","https://d4planner.io/items"
"Diablo IV","Gloves","Fists of Fate","Unique item","https://d4planner.io/items"
"Diablo IV","Gloves","Flameweaver","Unique item","https://d4planner.io/items"
"Diablo IV","Gloves","Frostburn","Unique item","https://d4planner.io/items"
"Diablo IV","Gloves","Gloves of the Illuminator","Unique item","https://d4planner.io/items"
"Diablo IV","Gloves","Gohr's Devastating Grips","Unique item","https://d4planner.io/items"
"Diablo IV","Gloves","Grasp of Shadow","Unique item","https://d4planner.io/items"
"Diablo IV","Gloves","Howl from Below","Unique item","https://d4planner.io/items"
"Diablo IV","Gloves","Paingorger's Gauntlets","Unique item","https://d4planner.io/items"
"Diablo IV","Gloves","Sidhe Bindings","Unique item","https://d4planner.io/items"
"Diablo IV","Gloves","Twin Strikes","Unique item","https://d4planner.io/items"
"Diablo IV","Gloves","Unsung Ascetic's Wraps","Unique item","https://d4planner.io/items"
"Diablo IV","Sword","Azurewrath","Unique item","https://d4planner.io/items"
"Diablo IV","Sword","Doombringer","Unique item","https://d4planner.io/items"
"Diablo IV","Sword","Ramaladni's Magnum Opus","Unique item","https://d4planner.io/items"
"Diablo IV","Sword","Shard of Verathiel","Unique item","https://d4planner.io/items"
"Diablo IV","Sword","Shard of Verathiel / The Third Blade","Unique item","https://d4planner.io/items"
"Diablo IV","Sword","The Third Blade","Unique item","https://d4planner.io/items"
