"ShadowdarkWeapon","Game","Name","DiabloWeaponClass","Rarity","NameKind","MappingNote","Source"
"Bastard sword","Diablo III","Bastard Sword","Sword","","Item name","Closest versatile/heavier one-handed sword analogue; approximate.","https://eu.diablo3.blizzard.com/en-us/item/sword-1h/"
"Bastard sword","Diablo III","Battle Sword","Sword","","Item name","Closest versatile/heavier one-handed sword analogue; approximate.","https://eu.diablo3.blizzard.com/en-us/item/sword-1h/"
"Bastard sword","Diablo III","Broadsword","Sword","","Item name","Closest versatile/heavier one-handed sword analogue; approximate.","https://eu.diablo3.blizzard.com/en-us/item/sword-1h/"
"Bastard sword","Diablo III","Champion Sword","Sword","","Item name","Closest versatile/heavier one-handed sword analogue; approximate.","https://eu.diablo3.blizzard.com/en-us/item/sword-1h/"
"Bastard sword","Diablo III","Highland Sword","Sword","","Item name","Closest versatile/heavier one-handed sword analogue; approximate.","https://eu.diablo3.blizzard.com/en-us/item/sword-2h/"
"Bastard sword","Diablo III","Knight Sword","Sword","","Item name","Closest versatile/heavier one-handed sword analogue; approximate.","https://eu.diablo3.blizzard.com/en-us/item/sword-1h/"
"Bastard sword","Diablo III","Longsword","Sword","","Item name","Closest versatile/heavier one-handed sword analogue; approximate.","https://eu.diablo3.blizzard.com/en-us/item/sword-1h/"
"Bastard sword","Diablo III","Strong Sword","Sword","","Item name","Closest versatile/heavier one-handed sword analogue; approximate.","https://eu.diablo3.blizzard.com/en-us/item/sword-1h/"
"Bastard sword","Diablo III","War Sword","Sword","","Item name","Closest versatile/heavier one-handed sword analogue; approximate.","https://eu.diablo3.blizzard.com/en-us/item/sword-1h/"
"Bastard sword","Diablo III","Warlord Sword","Sword","","Item name","Closest versatile/heavier one-handed sword analogue; approximate.","https://eu.diablo3.blizzard.com/en-us/item/sword-2h/"
"Crossbow","Diablo IV","Arbalest","Crossbow","Rare","Cosmetic/base style name","Closest Shadowdark analogue based on Diablo weapon class; style name retained.","https://docs.google.com/spreadsheets/d/1ntoEmBH1AT6CWFz00dGHvN29rKW81Lik7MLHo4qpIjk/edit"
"Crossbow","Diablo IV","Carved Crossbow","Crossbow","Rare","Cosmetic/base style name","Closest Shadowdark analogue based on Diablo weapon class; style name retained.","https://docs.google.com/spreadsheets/d/1ntoEmBH1AT6CWFz00dGHvN29rKW81Lik7MLHo4qpIjk/edit"
"Crossbow","Diablo IV","Crossbow","Crossbow","Common","Cosmetic/base style name","Closest Shadowdark analogue based on Diablo weapon class; style name retained.","https://docs.google.com/spreadsheets/d/1ntoEmBH1AT6CWFz00dGHvN29rKW81Lik7MLHo4qpIjk/edit"
"Crossbow","Diablo IV","Military Crossbow","Crossbow","Rare","Cosmetic/base style name","Closest Shadowdark analogue based on Diablo weapon class; style name retained.","https://docs.google.com/spreadsheets/d/1ntoEmBH1AT6CWFz00dGHvN29rKW81Lik7MLHo4qpIjk/edit"
"Crossbow","Diablo IV","Pellet Bow","Crossbow","Rare","Cosmetic/base style name","Closest Shadowdark analogue based on Diablo weapon class; style name retained.","https://docs.google.com/spreadsheets/d/1ntoEmBH1AT6CWFz00dGHvN29rKW81Lik7MLHo4qpIjk/edit"
"Crossbow","Diablo IV","Phantom Maker","Crossbow","Rare","Cosmetic/base style name","Closest Shadowdark analogue based on Diablo weapon class; style name retained.","https://docs.google.com/spreadsheets/d/1ntoEmBH1AT6CWFz00dGHvN29rKW81Lik7MLHo4qpIjk/edit"
"Crossbow","Diablo IV","Reinforced Crossbow","Crossbow","Rare","Cosmetic/base style name","Closest Shadowdark analogue based on Diablo weapon class; style name retained.","https://docs.google.com/spreadsheets/d/1ntoEmBH1AT6CWFz00dGHvN29rKW81Lik7MLHo4qpIjk/edit"
"Crossbow","Diablo IV","Siege Crossbow","Crossbow","Rare","Cosmetic/base style name","Closest Shadowdark analogue based on Diablo weapon class; style name retained.","https://docs.google.com/spreadsheets/d/1ntoEmBH1AT6CWFz00dGHvN29rKW81Lik7MLHo4qpIjk/edit"
"Crossbow","Diablo IV","Silentstring","Crossbow","Rare","Cosmetic/base style name","Closest Shadowdark analogue based on Diablo weapon class; style name retained.","https://docs.google.com/spreadsheets/d/1ntoEmBH1AT6CWFz00dGHvN29rKW81Lik7MLHo4qpIjk/edit"
"Crossbow","Diablo IV","Simple Crossbow","Crossbow","Magic","Cosmetic/base style name","Closest Shadowdark analogue based on Diablo weapon class; style name retained.","https://docs.google.com/spreadsheets/d/1ntoEmBH1AT6CWFz00dGHvN29rKW81Lik7MLHo4qpIjk/edit"
"Crossbow","Diablo IV","Swiftwind","Crossbow","Rare","Cosmetic/base style name","Closest Shadowdark analogue based on Diablo weapon class; style name retained.","https://docs.google.com/spreadsheets/d/1ntoEmBH1AT6CWFz00dGHvN29rKW81Lik7MLHo4qpIjk/edit"
"Crossbow","Diablo IV","War Crossbow","Crossbow","Rare","Cosmetic/base style name","Closest Shadowdark analogue based on Diablo weapon class; style name retained.","https://docs.google.com/spreadsheets/d/1ntoEmBH1AT6CWFz00dGHvN29rKW81Lik7MLHo4qpIjk/edit"
"Crossbow","Diablo IV","Windlass","Crossbow","Rare","Cosmetic/base style name","Closest Shadowdark analogue based on Diablo weapon class; style name retained.","https://docs.google.com/spreadsheets/d/1ntoEmBH1AT6CWFz00dGHvN29rKW81Lik7MLHo4qpIjk/edit"
"Dagger","Diablo III","Anessazi Edge","Ceremonial Knife","","Item name","Ceremonial knife category; grouped with Shadowdark dagger.","https://eu.diablo3.blizzard.com/en-us/item/ceremonial-knife/"
"Dagger","Diablo III","Beast Tusk","Ceremonial Knife","","Item name","Ceremonial knife category; grouped with Shadowdark dagger.","https://eu.diablo3.blizzard.com/en-us/item/ceremonial-knife/"
"Dagger","Diablo III","Bone Saw","Ceremonial Knife","","Item name","Ceremonial knife category; grouped with Shadowdark dagger.","https://eu.diablo3.blizzard.com/en-us/item/ceremonial-knife/"
"Dagger","Diablo III","Deadly Rebirth","Ceremonial Knife","","Item name","Ceremonial knife category; grouped with Shadowdark dagger.","https://eu.diablo3.blizzard.com/en-us/item/ceremonial-knife/"
"Dagger","Diablo III","Exquisite Knife","Ceremonial Knife","","Item name","Ceremonial knife category; grouped with Shadowdark dagger.","https://eu.diablo3.blizzard.com/en-us/item/ceremonial-knife/"
"Dagger","Diablo III","Flayer","Ceremonial Knife","","Item name","Ceremonial knife category; grouped with Shadowdark dagger.","https://eu.diablo3.blizzard.com/en-us/item/ceremonial-knife/"
"Dagger","Diablo III","Flesh Ripper","Ceremonial Knife","","Item name","Ceremonial knife category; grouped with Shadowdark dagger.","https://eu.diablo3.blizzard.com/en-us/item/ceremonial-knife/"
"Dagger","Diablo III","Flint Knife","Ceremonial Knife","","Item name","Ceremonial knife category; grouped with Shadowdark dagger.","https://eu.diablo3.blizzard.com/en-us/item/ceremonial-knife/"
"Dagger","Diablo III","Hallowed Salvation","Ceremonial Knife","","Item name","Ceremonial knife category; grouped with Shadowdark dagger.","https://eu.diablo3.blizzard.com/en-us/item/ceremonial-knife/"
"Dagger","Diablo III","Hallowed Sufferance","Ceremonial Knife","","Item name","Ceremonial knife category; grouped with Shadowdark dagger.","https://eu.diablo3.blizzard.com/en-us/item/ceremonial-knife/"
"Dagger","Diablo III","Jagged Edge","Ceremonial Knife","","Item name","Ceremonial knife category; grouped with Shadowdark dagger.","https://eu.diablo3.blizzard.com/en-us/item/ceremonial-knife/"
"Dagger","Diablo III","Kris Blade","Ceremonial Knife","","Item name","Ceremonial knife category; grouped with Shadowdark dagger.","https://eu.diablo3.blizzard.com/en-us/item/ceremonial-knife/"
"Dagger","Diablo III","Last Breath","Ceremonial Knife","","Item name","Ceremonial knife category; grouped with Shadowdark dagger.","https://eu.diablo3.blizzard.com/en-us/item/ceremonial-knife/"
"Dagger","Diablo III","Living Umbral Oath","Ceremonial Knife","","Item name","Ceremonial knife category; grouped with Shadowdark dagger.","https://eu.diablo3.blizzard.com/en-us/item/ceremonial-knife/"
"Dagger","Diablo III","Manajuma's Carving Knife","Ceremonial Knife","","Item name","Ceremonial knife category; grouped with Shadowdark dagger.","https://eu.diablo3.blizzard.com/en-us/item/ceremonial-knife/"
"Dagger","Diablo III","Obsidian Edge","Ceremonial Knife","","Item name","Ceremonial knife category; grouped with Shadowdark dagger.","https://eu.diablo3.blizzard.com/en-us/item/ceremonial-knife/"
"Dagger","Diablo III","Obsidian Skiver","Ceremonial Knife","","Item name","Ceremonial knife category; grouped with Shadowdark dagger.","https://eu.diablo3.blizzard.com/en-us/item/ceremonial-knife/"
"Dagger","Diablo III","Ox Bone Blade","Ceremonial Knife","","Item name","Ceremonial knife category; grouped with Shadowdark dagger.","https://eu.diablo3.blizzard.com/en-us/item/ceremonial-knife/"
"Dagger","Diablo III","Rhen'ho Flayer","Ceremonial Knife","","Item name","Ceremonial knife category; grouped with Shadowdark dagger.","https://eu.diablo3.blizzard.com/en-us/item/ceremonial-knife/"
"Dagger","Diablo III","Sacred Harvester","Ceremonial Knife","","Item name","Ceremonial knife category; grouped with Shadowdark dagger.","https://eu.diablo3.blizzard.com/en-us/item/ceremonial-knife/"
"Dagger","Diablo III","Sacrifice Blade","Ceremonial Knife","","Item name","Ceremonial knife category; grouped with Shadowdark dagger.","https://eu.diablo3.blizzard.com/en-us/item/ceremonial-knife/"
"Dagger","Diablo III","Scalping Razor","Ceremonial Knife","","Item name","Ceremonial knife category; grouped with Shadowdark dagger.","https://eu.diablo3.blizzard.com/en-us/item/ceremonial-knife/"
"Dagger","Diablo III","Simple Knife","Ceremonial Knife","","Item name","Ceremonial knife category; grouped with Shadowdark dagger.","https://eu.diablo3.blizzard.com/en-us/item/ceremonial-knife/"
"Dagger","Diablo III","Skin Cutter","Ceremonial Knife","","Item name","Ceremonial knife category; grouped with Shadowdark dagger.","https://eu.diablo3.blizzard.com/en-us/item/ceremonial-knife/"
"Dagger","Diablo III","Starmetal Kukri","Ceremonial Knife","","Item name","Ceremonial knife category; grouped with Shadowdark dagger.","https://eu.diablo3.blizzard.com/en-us/item/ceremonial-knife/"
"Dagger","Diablo III","Stone Knife","Ceremonial Knife","","Item name","Ceremonial knife category; grouped with Shadowdark dagger.","https://eu.diablo3.blizzard.com/en-us/item/ceremonial-knife/"
"Dagger","Diablo III","Tecpatl","Ceremonial Knife","","Item name","Ceremonial knife category; grouped with Shadowdark dagger.","https://eu.diablo3.blizzard.com/en-us/item/ceremonial-knife/"
"Dagger","Diablo III","The Barber","Ceremonial Knife","","Item name","Ceremonial knife category; grouped with Shadowdark dagger.","https://eu.diablo3.blizzard.com/en-us/item/ceremonial-knife/"
"Dagger","Diablo III","The Dagger of Darts","Ceremonial Knife","","Item name","Ceremonial knife category; grouped with Shadowdark dagger.","https://eu.diablo3.blizzard.com/en-us/item/ceremonial-knife/"
"Dagger","Diablo III","The Gidbinn","Ceremonial Knife","","Item name","Ceremonial knife category; grouped with Shadowdark dagger.","https://eu.diablo3.blizzard.com/en-us/item/ceremonial-knife/"
"Dagger","Diablo III","The Spider Queen's Grasp","Ceremonial Knife","","Item name","Ceremonial knife category; grouped with Shadowdark dagger.","https://eu.diablo3.blizzard.com/en-us/item/ceremonial-knife/"
"Dagger","Diablo III","Umbral Oath","Ceremonial Knife","","Item name","Ceremonial knife category; grouped with Shadowdark dagger.","https://eu.diablo3.blizzard.com/en-us/item/ceremonial-knife/"
"Dagger","Diablo III","Veil Piercer","Ceremonial Knife","","Item name","Ceremonial knife category; grouped with Shadowdark dagger.","https://eu.diablo3.blizzard.com/en-us/item/ceremonial-knife/"
"Dagger","Diablo III","Voo's Juicer","Ceremonial Knife","","Item name","Ceremonial knife category; grouped with Shadowdark dagger.","https://eu.diablo3.blizzard.com/en-us/item/ceremonial-knife/"
"Dagger","Diablo III","Asheara's Khanjar","Dagger","","Item name","Dagger class; includes knife-like forms.","https://d4planner.io/items"
"Dagger","Diablo III","Basilard","Dagger","","Item name","Dagger class; includes knife-like forms.","https://eu.diablo3.blizzard.com/en-us/item/dagger/"
"Dagger","Diablo III","Blood-Magic Blade","Dagger","","Item name","Dagger class; includes knife-like forms.","https://eu.diablo3.blizzard.com/en-us/item/dagger/"
"Dagger","Diablo III","Blood-Magic Edge","Dagger","","Item name","Dagger class; includes knife-like forms.","https://eu.diablo3.blizzard.com/en-us/item/dagger/"
"Dagger","Diablo III","Cinquedea","Dagger","","Item name","Dagger class; includes knife-like forms.","https://eu.diablo3.blizzard.com/en-us/item/dagger/"
"Dagger","Diablo III","Condemnation","Dagger","","Item name","Dagger class; includes knife-like forms.","https://d4planner.io/items"
"Dagger","Diablo III","Dagger","Dagger","","Item name","Dagger class; includes knife-like forms.","https://eu.diablo3.blizzard.com/en-us/item/dagger/"
"Dagger","Diablo III","Darkblade","Dagger","","Item name","Dagger class; includes knife-like forms.","https://eu.diablo3.blizzard.com/en-us/item/dagger/"
"Dagger","Diablo III","Envious Blade","Dagger","","Item name","Dagger class; includes knife-like forms.","https://eu.diablo3.blizzard.com/en-us/item/dagger/"
"Dagger","Diablo III","Eun-jang-do","Dagger","","Item name","Dagger class; includes knife-like forms.","https://eu.diablo3.blizzard.com/en-us/item/dagger/"
"Dagger","Diablo III","Jagged Dagger","Dagger","","Item name","Dagger class; includes knife-like forms.","https://eu.diablo3.blizzard.com/en-us/item/dagger/"
"Dagger","Diablo III","Karlei's Point","Dagger","","Item name","Dagger class; includes knife-like forms.","https://eu.diablo3.blizzard.com/en-us/item/dagger/"
"Dagger","Diablo III","Kindjal","Dagger","","Item name","Dagger class; includes knife-like forms.","https://eu.diablo3.blizzard.com/en-us/item/dagger/"
"Dagger","Diablo III","Kingsport Blade","Dagger","","Item name","Dagger class; includes knife-like forms.","https://eu.diablo3.blizzard.com/en-us/item/dagger/"
"Dagger","Diablo III","Kukri","Dagger","","Item name","Dagger class; includes knife-like forms.","https://eu.diablo3.blizzard.com/en-us/item/dagger/"
"Dagger","Diablo III","Lord Greenstone's Fan","Dagger","","Item name","Dagger class; includes knife-like forms.","https://eu.diablo3.blizzard.com/en-us/item/dagger/"
"Dagger","Diablo III","Main Gauche","Dagger","","Item name","Dagger class; includes knife-like forms.","https://eu.diablo3.blizzard.com/en-us/item/dagger/"
"Dagger","Diablo III","Pavade","Dagger","","Item name","Dagger class; includes knife-like forms.","https://eu.diablo3.blizzard.com/en-us/item/dagger/"
"Dagger","Diablo III","Piercer","Dagger","","Item name","Dagger class; includes knife-like forms.","https://eu.diablo3.blizzard.com/en-us/item/dagger/"
"Dagger","Diablo III","Pig Sticker","Dagger","","Item name","Dagger class; includes knife-like forms.","https://eu.diablo3.blizzard.com/en-us/item/dagger/"
"Dagger","Diablo III","Poignard","Dagger","","Item name","Dagger class; includes knife-like forms.","https://eu.diablo3.blizzard.com/en-us/item/dagger/"
"Dagger","Diablo III","Pugio","Dagger","","Item name","Dagger class; includes knife-like forms.","https://eu.diablo3.blizzard.com/en-us/item/dagger/"
"Dagger","Diablo III","Punyal","Dagger","","Item name","Dagger class; includes knife-like forms.","https://eu.diablo3.blizzard.com/en-us/item/dagger/"
"Dagger","Diablo III","Rondel","Dagger","","Item name","Dagger class; includes knife-like forms.","https://eu.diablo3.blizzard.com/en-us/item/dagger/"
"Dagger","Diablo III","Scramasax","Dagger","","Item name","Dagger class; includes knife-like forms.","https://eu.diablo3.blizzard.com/en-us/item/dagger/"
"Dagger","Diablo III","Shiv","Dagger","","Item name","Dagger class; includes knife-like forms.","https://eu.diablo3.blizzard.com/en-us/item/dagger/"
"Dagger","Diablo III","Short Dagger","Dagger","","Item name","Dagger class; includes knife-like forms.","https://eu.diablo3.blizzard.com/en-us/item/dagger/"
"Dagger","Diablo III","Simple Dagger","Dagger","","Item name","Dagger class; includes knife-like forms.","https://eu.diablo3.blizzard.com/en-us/item/dagger/"
"Dagger","Diablo III","Skain","Dagger","","Item name","Dagger class; includes knife-like forms.","https://eu.diablo3.blizzard.com/en-us/item/dagger/"
"Dagger","Diablo III","Skiver","Dagger","","Item name","Dagger class; includes knife-like forms.","https://eu.diablo3.blizzard.com/en-us/item/dagger/"
"Dagger","Diablo III","Spine","Dagger","","Item name","Dagger class; includes knife-like forms.","https://eu.diablo3.blizzard.com/en-us/item/dagger/"
"Dagger","Diablo III","Stiletto","Dagger","","Item name","Dagger class; includes knife-like forms.","https://eu.diablo3.blizzard.com/en-us/item/dagger/"
"Dagger","Diablo III","The Clipper","Dagger","","Item name","Dagger class; includes knife-like forms.","https://eu.diablo3.blizzard.com/en-us/item/dagger/"
"Dagger","Diablo III","The Horadric Hamburger","Dagger","","Item name","Dagger class; includes knife-like forms.","https://eu.diablo3.blizzard.com/en-us/item/dagger/"
"Dagger","Diablo III","The Mortacrux","Dagger","","Item name","Dagger class; includes knife-like forms.","https://d4planner.io/items"
"Dagger","Diablo III","The Mortacrux / The Umbracrux","Dagger","","Item name","Dagger class; includes knife-like forms.","https://d4planner.io/items"
"Dagger","Diablo III","The Umbracrux","Dagger","","Item name","Dagger class; includes knife-like forms.","https://d4planner.io/items"
"Dagger","Diablo III","Wizardspike","Dagger","","Item name","Dagger class; includes knife-like forms.","https://eu.diablo3.blizzard.com/en-us/item/dagger/"
"Dagger","Diablo IV","Aged Rondel","Dagger","Rare","Cosmetic/base style name","Closest Shadowdark analogue based on Diablo weapon class; style name retained.","https://docs.google.com/spreadsheets/d/1ntoEmBH1AT6CWFz00dGHvN29rKW81Lik7MLHo4qpIjk/edit"
"Dagger","Diablo IV","Anlace","Dagger","Rare","Cosmetic/base style name","Closest Shadowdark analogue based on Diablo weapon class; style name retained.","https://docs.google.com/spreadsheets/d/1ntoEmBH1AT6CWFz00dGHvN29rKW81Lik7MLHo4qpIjk/edit"
"Dagger","Diablo IV","Assassin's Blade","Dagger","Rare","Cosmetic/base style name","Closest Shadowdark analogue based on Diablo weapon class; style name retained.","https://docs.google.com/spreadsheets/d/1ntoEmBH1AT6CWFz00dGHvN29rKW81Lik7MLHo4qpIjk/edit"
"Dagger","Diablo IV","Broodmother's Stinger","Dagger","Rare","Cosmetic/base style name","Closest Shadowdark analogue based on Diablo weapon class; style name retained.","https://docs.google.com/spreadsheets/d/1ntoEmBH1AT6CWFz00dGHvN29rKW81Lik7MLHo4qpIjk/edit"
"Dagger","Diablo IV","Dirk","Dagger","Rare","Cosmetic/base style name","Closest Shadowdark analogue based on Diablo weapon class; style name retained.","https://docs.google.com/spreadsheets/d/1ntoEmBH1AT6CWFz00dGHvN29rKW81Lik7MLHo4qpIjk/edit"
"Dagger","Diablo IV","Hunter's Knife","Dagger","Rare","Cosmetic/base style name","Closest Shadowdark analogue based on Diablo weapon class; style name retained.","https://docs.google.com/spreadsheets/d/1ntoEmBH1AT6CWFz00dGHvN29rKW81Lik7MLHo4qpIjk/edit"
"Dagger","Diablo IV","Kard","Dagger","Rare","Cosmetic/base style name","Closest Shadowdark analogue based on Diablo weapon class; style name retained.","https://docs.google.com/spreadsheets/d/1ntoEmBH1AT6CWFz00dGHvN29rKW81Lik7MLHo4qpIjk/edit"
"Dagger","Diablo IV","Litany of Sable","Dagger","Rare","Cosmetic/base style name","Closest Shadowdark analogue based on Diablo weapon class; style name retained.","https://docs.google.com/spreadsheets/d/1ntoEmBH1AT6CWFz00dGHvN29rKW81Lik7MLHo4qpIjk/edit"
"Dagger","Diablo IV","Neyrelle's Defiance","Dagger","Common","Cosmetic/base style name","Closest Shadowdark analogue based on Diablo weapon class; style name retained.","https://docs.google.com/spreadsheets/d/1ntoEmBH1AT6CWFz00dGHvN29rKW81Lik7MLHo4qpIjk/edit"
"Dagger","Diablo IV","Pugio","Dagger","Rare","Cosmetic/base style name","Closest Shadowdark analogue based on Diablo weapon class; style name retained.","https://docs.google.com/spreadsheets/d/1ntoEmBH1AT6CWFz00dGHvN29rKW81Lik7MLHo4qpIjk/edit"
"Dagger","Diablo IV","Rat King's Claw","Dagger","Rare","Cosmetic/base style name","Closest Shadowdark analogue based on Diablo weapon class; style name retained.","https://docs.google.com/spreadsheets/d/1ntoEmBH1AT6CWFz00dGHvN29rKW81Lik7MLHo4qpIjk/edit"
"Dagger","Diablo IV","Shiv","Dagger","Rare","Cosmetic/base style name","Closest Shadowdark analogue based on Diablo weapon class; style name retained.","https://docs.google.com/spreadsheets/d/1ntoEmBH1AT6CWFz00dGHvN29rKW81Lik7MLHo4qpIjk/edit"
"Dagger","Diablo IV","Simple Dagger","Dagger","Common","Cosmetic/base style name","Closest Shadowdark analogue based on Diablo weapon class; style name retained.","https://docs.google.com/spreadsheets/d/1ntoEmBH1AT6CWFz00dGHvN29rKW81Lik7MLHo4qpIjk/edit"
"Dagger","Diablo IV","Stiletto","Dagger","Magic","Cosmetic/base style name","Closest Shadowdark analogue based on Diablo weapon class; style name retained.","https://docs.google.com/spreadsheets/d/1ntoEmBH1AT6CWFz00dGHvN29rKW81Lik7MLHo4qpIjk/edit"
"Dagger","Diablo IV","Stone Blade","Dagger","Rare","Cosmetic/base style name","Closest Shadowdark analogue based on Diablo weapon class; style name retained.","https://docs.google.com/spreadsheets/d/1ntoEmBH1AT6CWFz00dGHvN29rKW81Lik7MLHo4qpIjk/edit"
"Greataxe","Diablo IV","Battle Halberd","2H Axe","Rare","Cosmetic/base style name","Closest Shadowdark analogue based on Diablo weapon class; style name retained.","https://docs.google.com/spreadsheets/d/1ntoEmBH1AT6CWFz00dGHvN29rKW81Lik7MLHo4qpIjk/edit"
"Greataxe","Diablo IV","Battleworn Crescent","2H Axe","Rare","Cosmetic/base style name","Closest Shadowdark analogue based on Diablo weapon class; style name retained.","https://docs.google.com/spreadsheets/d/1ntoEmBH1AT6CWFz00dGHvN29rKW81Lik7MLHo4qpIjk/edit"
"Greataxe","Diablo IV","Bloodsweep","2H Axe","Rare","Cosmetic/base style name","Closest Shadowdark analogue based on Diablo weapon class; style name retained.","https://docs.google.com/spreadsheets/d/1ntoEmBH1AT6CWFz00dGHvN29rKW81Lik7MLHo4qpIjk/edit"
"Greataxe","Diablo IV","Cannibal's Chopper","2H Axe","Rare","Cosmetic/base style name","Closest Shadowdark analogue based on Diablo weapon class; style name retained.","https://docs.google.com/spreadsheets/d/1ntoEmBH1AT6CWFz00dGHvN29rKW81Lik7MLHo4qpIjk/edit"
"Greataxe","Diablo IV","Carved Maul","2H Axe","Rare","Cosmetic/base style name","Closest Shadowdark analogue based on Diablo weapon class; style name retained.","https://docs.google.com/spreadsheets/d/1ntoEmBH1AT6CWFz00dGHvN29rKW81Lik7MLHo4qpIjk/edit"
"Greataxe","Diablo IV","Double Axe","2H Axe","Magic","Cosmetic/base style name","Closest Shadowdark analogue based on Diablo weapon class; style name retained.","https://docs.google.com/spreadsheets/d/1ntoEmBH1AT6CWFz00dGHvN29rKW81Lik7MLHo4qpIjk/edit"
"Greataxe","Diablo IV","Forester's Axe","2H Axe","Rare","Cosmetic/base style name","Closest Shadowdark analogue based on Diablo weapon class; style name retained.","https://docs.google.com/spreadsheets/d/1ntoEmBH1AT6CWFz00dGHvN29rKW81Lik7MLHo4qpIjk/edit"
"Greataxe","Diablo IV","GraveKeeper's Axe","2H Axe","Rare","Cosmetic/base style name","Closest Shadowdark analogue based on Diablo weapon class; style name retained.","https://docs.google.com/spreadsheets/d/1ntoEmBH1AT6CWFz00dGHvN29rKW81Lik7MLHo4qpIjk/edit"
"Greataxe","Diablo IV","Great Axe","2H Axe","Rare","Cosmetic/base style name","Closest Shadowdark analogue based on Diablo weapon class; style name retained.","https://docs.google.com/spreadsheets/d/1ntoEmBH1AT6CWFz00dGHvN29rKW81Lik7MLHo4qpIjk/edit"
"Greataxe","Diablo IV","Iron Axe","2H Axe","Rare","Cosmetic/base style name","Closest Shadowdark analogue based on Diablo weapon class; style name retained.","https://docs.google.com/spreadsheets/d/1ntoEmBH1AT6CWFz00dGHvN29rKW81Lik7MLHo4qpIjk/edit"
"Greataxe","Diablo IV","King Maker","2H Axe","Rare","Cosmetic/base style name","Closest Shadowdark analogue based on Diablo weapon class; style name retained.","https://docs.google.com/spreadsheets/d/1ntoEmBH1AT6CWFz00dGHvN29rKW81Lik7MLHo4qpIjk/edit"
"Greataxe","Diablo IV","Lumber Axe","2H Axe","Common","Cosmetic/base style name","Closest Shadowdark analogue based on Diablo weapon class; style name retained.","https://docs.google.com/spreadsheets/d/1ntoEmBH1AT6CWFz00dGHvN29rKW81Lik7MLHo4qpIjk/edit"
"Greataxe","Diablo IV","Owlseys Maul","2H Axe","Rare","Cosmetic/base style name","Closest Shadowdark analogue based on Diablo weapon class; style name retained.","https://docs.google.com/spreadsheets/d/1ntoEmBH1AT6CWFz00dGHvN29rKW81Lik7MLHo4qpIjk/edit"
"Greataxe","Diablo IV","Battle Axe","Axe","Rare","Cosmetic/base style name","One-handed axe class; included as naming inspiration, not a size match.","https://docs.google.com/spreadsheets/d/1ntoEmBH1AT6CWFz00dGHvN29rKW81Lik7MLHo4qpIjk/edit"
"Greataxe","Diablo IV","Ceder Wood Axe","Axe","Rare","Cosmetic/base style name","One-handed axe class; included as naming inspiration, not a size match.","https://docs.google.com/spreadsheets/d/1ntoEmBH1AT6CWFz00dGHvN29rKW81Lik7MLHo4qpIjk/edit"
"Greataxe","Diablo IV","Cutter","Axe","Rare","Cosmetic/base style name","One-handed axe class; included as naming inspiration, not a size match.","https://docs.google.com/spreadsheets/d/1ntoEmBH1AT6CWFz00dGHvN29rKW81Lik7MLHo4qpIjk/edit"
"Greataxe","Diablo IV","Forked Axe","Axe","Rare","Cosmetic/base style name","One-handed axe class; included as naming inspiration, not a size match.","https://docs.google.com/spreadsheets/d/1ntoEmBH1AT6CWFz00dGHvN29rKW81Lik7MLHo4qpIjk/edit"
"Greataxe","Diablo IV","Hand Axe","Axe","Common","Cosmetic/base style name","One-handed axe class; included as naming inspiration, not a size match.","https://docs.google.com/spreadsheets/d/1ntoEmBH1AT6CWFz00dGHvN29rKW81Lik7MLHo4qpIjk/edit"
"Greataxe","Diablo IV","Hunter's Edge","Axe","Rare","Cosmetic/base style name","One-handed axe class; included as naming inspiration, not a size match.","https://docs.google.com/spreadsheets/d/1ntoEmBH1AT6CWFz00dGHvN29rKW81Lik7MLHo4qpIjk/edit"
"Greataxe","Diablo IV","Noble Slice","Axe","Rare","Cosmetic/base style name","One-handed axe class; included as naming inspiration, not a size match.","https://docs.google.com/spreadsheets/d/1ntoEmBH1AT6CWFz00dGHvN29rKW81Lik7MLHo4qpIjk/edit"
"Greataxe","Diablo IV","Ripper Axe","Axe","Rare","Cosmetic/base style name","One-handed axe class; included as naming inspiration, not a size match.","https://docs.google.com/spreadsheets/d/1ntoEmBH1AT6CWFz00dGHvN29rKW81Lik7MLHo4qpIjk/edit"
"Greataxe","Diablo IV","Studded Axe","Axe","Magic","Cosmetic/base style name","One-handed axe class; included as naming inspiration, not a size match.","https://docs.google.com/spreadsheets/d/1ntoEmBH1AT6CWFz00dGHvN29rKW81Lik7MLHo4qpIjk/edit"
"Greataxe","Diablo IV","War Axe","Axe","Magic","Cosmetic/base style name","One-handed axe class; included as naming inspiration, not a size match.","https://docs.google.com/spreadsheets/d/1ntoEmBH1AT6CWFz00dGHvN29rKW81Lik7MLHo4qpIjk/edit"
"Greatsword","Diablo III","Claymore","Sword","","Item name","Large/two-handed form indicated by name.","https://eu.diablo3.blizzard.com/en-us/item/sword-2h/"
"Greatsword","Diablo III","Colossus Blade","Sword","","Item name","Large/two-handed form indicated by name.","https://eu.diablo3.blizzard.com/en-us/item/sword-2h/"
"Greatsword","Diablo III","Executioner Sword","Sword","","Item name","Large/two-handed form indicated by name.","https://eu.diablo3.blizzard.com/en-us/item/sword-2h/"
"Greatsword","Diablo III","Gothic Blade","Sword","","Item name","Large/two-handed form indicated by name.","https://eu.diablo3.blizzard.com/en-us/item/sword-2h/"
"Greatsword","Diablo III","Grand Sword","Sword","","Item name","Large/two-handed form indicated by name.","https://eu.diablo3.blizzard.com/en-us/item/sword-2h/"
"Greatsword","Diablo III","Great Sword","Sword","","Item name","Large/two-handed form indicated by name.","https://eu.diablo3.blizzard.com/en-us/item/sword-2h/"
"Greatsword","Diablo III","Nodachi","Sword","","Item name","Large/two-handed form indicated by name.","https://eu.diablo3.blizzard.com/en-us/item/sword-2h/"
"Greatsword","Diablo III","The Zweihander","Sword","","Item name","Large/two-handed form indicated by name.","https://eu.diablo3.blizzard.com/en-us/item/sword-2h/"
"Greatsword","Diablo III","Two-Handed Sword","Sword","","Item name","Large/two-handed form indicated by name.","https://eu.diablo3.blizzard.com/en-us/item/sword-2h/"
"Greatsword","Diablo IV","Anointing Edge","2H Sword","Rare","Cosmetic/base style name","Closest Shadowdark analogue based on Diablo weapon class; style name retained.","https://docs.google.com/spreadsheets/d/1ntoEmBH1AT6CWFz00dGHvN29rKW81Lik7MLHo4qpIjk/edit"
"Greatsword","Diablo IV","Askari Razor","2H Sword","Rare","Cosmetic/base style name","Closest Shadowdark analogue based on Diablo weapon class; style name retained.","https://docs.google.com/spreadsheets/d/1ntoEmBH1AT6CWFz00dGHvN29rKW81Lik7MLHo4qpIjk/edit"
"Greatsword","Diablo IV","Bastard Sword","2H Sword","Rare","Cosmetic/base style name","Closest Shadowdark analogue based on Diablo weapon class; style name retained.","https://docs.google.com/spreadsheets/d/1ntoEmBH1AT6CWFz00dGHvN29rKW81Lik7MLHo4qpIjk/edit"
"Greatsword","Diablo IV","Claymore","2H Sword","Magic","Cosmetic/base style name","Closest Shadowdark analogue based on Diablo weapon class; style name retained.","https://docs.google.com/spreadsheets/d/1ntoEmBH1AT6CWFz00dGHvN29rKW81Lik7MLHo4qpIjk/edit"
"Greatsword","Diablo IV","Flamberge","2H Sword","Rare","Cosmetic/base style name","Closest Shadowdark analogue based on Diablo weapon class; style name retained.","https://docs.google.com/spreadsheets/d/1ntoEmBH1AT6CWFz00dGHvN29rKW81Lik7MLHo4qpIjk/edit"
"Greatsword","Diablo IV","Giant Sword","2H Sword","Magic","Cosmetic/base style name","Closest Shadowdark analogue based on Diablo weapon class; style name retained.","https://docs.google.com/spreadsheets/d/1ntoEmBH1AT6CWFz00dGHvN29rKW81Lik7MLHo4qpIjk/edit"
"Greatsword","Diablo IV","Gothic Blade","2H Sword","Rare","Cosmetic/base style name","Closest Shadowdark analogue based on Diablo weapon class; style name retained.","https://docs.google.com/spreadsheets/d/1ntoEmBH1AT6CWFz00dGHvN29rKW81Lik7MLHo4qpIjk/edit"
"Greatsword","Diablo IV","Grand Sword","2H Sword","Rare","Cosmetic/base style name","Closest Shadowdark analogue based on Diablo weapon class; style name retained.","https://docs.google.com/spreadsheets/d/1ntoEmBH1AT6CWFz00dGHvN29rKW81Lik7MLHo4qpIjk/edit"
"Greatsword","Diablo IV","Great Sword","2H Sword","Rare","Cosmetic/base style name","Closest Shadowdark analogue based on Diablo weapon class; style name retained.","https://docs.google.com/spreadsheets/d/1ntoEmBH1AT6CWFz00dGHvN29rKW81Lik7MLHo4qpIjk/edit"
"Greatsword","Diablo IV","Grimstone Sword","2H Sword","Rare","Cosmetic/base style name","Closest Shadowdark analogue based on Diablo weapon class; style name retained.","https://docs.google.com/spreadsheets/d/1ntoEmBH1AT6CWFz00dGHvN29rKW81Lik7MLHo4qpIjk/edit"
"Greatsword","Diablo IV","Kingslayer","2H Sword","Rare","Cosmetic/base style name","Closest Shadowdark analogue based on Diablo weapon class; style name retained.","https://docs.google.com/spreadsheets/d/1ntoEmBH1AT6CWFz00dGHvN29rKW81Lik7MLHo4qpIjk/edit"
"Greatsword","Diablo IV","Sawtooth Blade","2H Sword","Rare","Cosmetic/base style name","Closest Shadowdark analogue based on Diablo weapon class; style name retained.","https://docs.google.com/spreadsheets/d/1ntoEmBH1AT6CWFz00dGHvN29rKW81Lik7MLHo4qpIjk/edit"
"Greatsword","Diablo IV","Two-Handed Sword","2H Sword","Common","Cosmetic/base style name","Closest Shadowdark analogue based on Diablo weapon class; style name retained.","https://docs.google.com/spreadsheets/d/1ntoEmBH1AT6CWFz00dGHvN29rKW81Lik7MLHo4qpIjk/edit"
"Greatsword","Diablo IV","Yataghan","2H Sword","Rare","Cosmetic/base style name","Closest Shadowdark analogue based on Diablo weapon class; style name retained.","https://docs.google.com/spreadsheets/d/1ntoEmBH1AT6CWFz00dGHvN29rKW81Lik7MLHo4qpIjk/edit"
"Longbow","Diablo III","Battle Bow","Bow","","Item name","Bow name; exact short/long size not stated.","https://eu.diablo3.blizzard.com/en-us/item/bow/"
"Longbow","Diablo III","Cluckeye","Bow","","Item name","Bow name; exact short/long size not stated.","https://eu.diablo3.blizzard.com/en-us/item/bow/"
"Longbow","Diablo III","Composite Bow","Bow","","Item name","Bow name; exact short/long size not stated.","https://eu.diablo3.blizzard.com/en-us/item/bow/"
"Longbow","Diablo III","Daikyu","Bow","","Item name","Bow name; exact short/long size not stated.","https://eu.diablo3.blizzard.com/en-us/item/bow/"
"Longbow","Diablo III","Doubleshot","Bow","","Item name","Bow name; exact short/long size not stated.","https://eu.diablo3.blizzard.com/en-us/item/bow/"
"Longbow","Diablo III","Eaglehorn","Bow","","Item name","Bow name; exact short/long size not stated.","https://d4planner.io/items"
"Longbow","Diablo III","Etrayu","Bow","","Item name","Bow name; exact short/long size not stated.","https://eu.diablo3.blizzard.com/en-us/item/bow/"
"Longbow","Diablo III","Hankyu","Bow","","Item name","Bow name; exact short/long size not stated.","https://eu.diablo3.blizzard.com/en-us/item/bow/"
"Longbow","Diablo III","Higoyumi","Bow","","Item name","Bow name; exact short/long size not stated.","https://eu.diablo3.blizzard.com/en-us/item/bow/"
"Longbow","Diablo III","Hunting Bow","Bow","","Item name","Bow name; exact short/long size not stated.","https://eu.diablo3.blizzard.com/en-us/item/bow/"
"Longbow","Diablo III","Kridershot","Bow","","Item name","Bow name; exact short/long size not stated.","https://eu.diablo3.blizzard.com/en-us/item/bow/"
"Longbow","Diablo III","Leonine Bow of Hashir","Bow","","Item name","Bow name; exact short/long size not stated.","https://eu.diablo3.blizzard.com/en-us/item/bow/"
"Longbow","Diablo III","Long Bow","Bow","","Item name","","https://eu.diablo3.blizzard.com/en-us/item/bow/"
"Longbow","Diablo III","Longshot","Bow","","Item name","Bow name; exact short/long size not stated.","https://eu.diablo3.blizzard.com/en-us/item/bow/"
"Longbow","Diablo III","Longshot Bow","Bow","","Item name","Bow name; exact short/long size not stated.","https://eu.diablo3.blizzard.com/en-us/item/bow/"
"Longbow","Diablo III","Maruki","Bow","","Item name","Bow name; exact short/long size not stated.","https://eu.diablo3.blizzard.com/en-us/item/bow/"
"Longbow","Diablo III","Odyssey's End","Bow","","Item name","Bow name; exact short/long size not stated.","https://eu.diablo3.blizzard.com/en-us/item/bow/"
"Longbow","Diablo III","Phantom Bow","Bow","","Item name","Bow name; exact short/long size not stated.","https://eu.diablo3.blizzard.com/en-us/item/bow/"
"Longbow","Diablo III","Ranger Bow","Bow","","Item name","Bow name; exact short/long size not stated.","https://eu.diablo3.blizzard.com/en-us/item/bow/"
"Longbow","Diablo III","Recurve Bow","Bow","","Item name","Bow name; exact short/long size not stated.","https://eu.diablo3.blizzard.com/en-us/item/bow/"
"Longbow","Diablo III","Revenant Bow","Bow","","Item name","Bow name; exact short/long size not stated.","https://eu.diablo3.blizzard.com/en-us/item/bow/"
"Longbow","Diablo III","Siege Bow","Bow","","Item name","Bow name; exact short/long size not stated.","https://eu.diablo3.blizzard.com/en-us/item/bow/"
"Longbow","Diablo III","Skyhunter","Bow","","Item name","Bow name; exact short/long size not stated.","https://d4planner.io/items"
"Longbow","Diablo III","Sniper Bow","Bow","","Item name","Bow name; exact short/long size not stated.","https://eu.diablo3.blizzard.com/en-us/item/bow/"
"Longbow","Diablo III","Sydyru Crust","Bow","","Item name","Bow name; exact short/long size not stated.","https://eu.diablo3.blizzard.com/en-us/item/bow/"
"Longbow","Diablo III","The Raven's Wing","Bow","","Item name","Bow name; exact short/long size not stated.","https://eu.diablo3.blizzard.com/en-us/item/bow/"
"Longbow","Diablo III","Twinbow","Bow","","Item name","Bow name; exact short/long size not stated.","https://eu.diablo3.blizzard.com/en-us/item/bow/"
"Longbow","Diablo III","Unbound Bolt","Bow","","Item name","Bow name; exact short/long size not stated.","https://eu.diablo3.blizzard.com/en-us/item/bow/"
"Longbow","Diablo III","Uskang","Bow","","Item name","Bow name; exact short/long size not stated.","https://eu.diablo3.blizzard.com/en-us/item/bow/"
"Longbow","Diablo III","Venomhusk","Bow","","Item name","Bow name; exact short/long size not stated.","https://eu.diablo3.blizzard.com/en-us/item/bow/"
"Longbow","Diablo III","Warden Bow","Bow","","Item name","Bow name; exact short/long size not stated.","https://eu.diablo3.blizzard.com/en-us/item/bow/"
"Longbow","Diablo III","Windforce","Bow","","Item name","Bow name; exact short/long size not stated.","https://d4planner.io/items"
"Longbow","Diablo III","Yang's Recurve","Bow","","Item name","Bow name; exact short/long size not stated.","https://eu.diablo3.blizzard.com/en-us/item/bow/"
"Longbow","Diablo III","Yumi","Bow","","Item name","Bow name; exact short/long size not stated.","https://eu.diablo3.blizzard.com/en-us/item/bow/"
"Longbow","Diablo IV","Carved Bow","Bow","Rare","Cosmetic/base style name","Bow style; Diablo class does not distinguish Shadowdark shortbow from longbow.","https://docs.google.com/spreadsheets/d/1ntoEmBH1AT6CWFz00dGHvN29rKW81Lik7MLHo4qpIjk/edit"
"Longbow","Diablo IV","Common Bow","Bow","Magic","Cosmetic/base style name","Bow style; Diablo class does not distinguish Shadowdark shortbow from longbow.","https://docs.google.com/spreadsheets/d/1ntoEmBH1AT6CWFz00dGHvN29rKW81Lik7MLHo4qpIjk/edit"
"Longbow","Diablo IV","Flatbow","Bow","Rare","Cosmetic/base style name","Bow style; Diablo class does not distinguish Shadowdark shortbow from longbow.","https://docs.google.com/spreadsheets/d/1ntoEmBH1AT6CWFz00dGHvN29rKW81Lik7MLHo4qpIjk/edit"
"Longbow","Diablo IV","Forgotten Bow","Bow","Rare","Cosmetic/base style name","Bow style; Diablo class does not distinguish Shadowdark shortbow from longbow.","https://docs.google.com/spreadsheets/d/1ntoEmBH1AT6CWFz00dGHvN29rKW81Lik7MLHo4qpIjk/edit"
"Longbow","Diablo IV","Hunter's Bow","Bow","Rare","Cosmetic/base style name","Bow style; Diablo class does not distinguish Shadowdark shortbow from longbow.","https://docs.google.com/spreadsheets/d/1ntoEmBH1AT6CWFz00dGHvN29rKW81Lik7MLHo4qpIjk/edit"
"Longbow","Diablo IV","Iron Recurve","Bow","Rare","Cosmetic/base style name","Bow style; Diablo class does not distinguish Shadowdark shortbow from longbow.","https://docs.google.com/spreadsheets/d/1ntoEmBH1AT6CWFz00dGHvN29rKW81Lik7MLHo4qpIjk/edit"
"Longbow","Diablo IV","Longshot","Bow","Rare","Cosmetic/base style name","Bow style; Diablo class does not distinguish Shadowdark shortbow from longbow.","https://docs.google.com/spreadsheets/d/1ntoEmBH1AT6CWFz00dGHvN29rKW81Lik7MLHo4qpIjk/edit"
"Longbow","Diablo IV","Makeshift Bow","Bow","Magic","Cosmetic/base style name","Bow style; Diablo class does not distinguish Shadowdark shortbow from longbow.","https://docs.google.com/spreadsheets/d/1ntoEmBH1AT6CWFz00dGHvN29rKW81Lik7MLHo4qpIjk/edit"
"Longbow","Diablo IV","Philosopher's Recurve","Bow","Rare","Cosmetic/base style name","Bow style; Diablo class does not distinguish Shadowdark shortbow from longbow.","https://docs.google.com/spreadsheets/d/1ntoEmBH1AT6CWFz00dGHvN29rKW81Lik7MLHo4qpIjk/edit"
"Longbow","Diablo IV","Razorwind","Bow","Rare","Cosmetic/base style name","Bow style; Diablo class does not distinguish Shadowdark shortbow from longbow.","https://docs.google.com/spreadsheets/d/1ntoEmBH1AT6CWFz00dGHvN29rKW81Lik7MLHo4qpIjk/edit"
"Longbow","Diablo IV","Silver Warp-Bow","Bow","Rare","Cosmetic/base style name","Bow style; Diablo class does not distinguish Shadowdark shortbow from longbow.","https://docs.google.com/spreadsheets/d/1ntoEmBH1AT6CWFz00dGHvN29rKW81Lik7MLHo4qpIjk/edit"
"Longbow","Diablo IV","Simple Bow","Bow","Common","Cosmetic/base style name","Bow style; Diablo class does not distinguish Shadowdark shortbow from longbow.","https://docs.google.com/spreadsheets/d/1ntoEmBH1AT6CWFz00dGHvN29rKW81Lik7MLHo4qpIjk/edit"
"Longbow","Diablo IV","Weathered Bow","Bow","Rare","Cosmetic/base style name","Bow style; Diablo class does not distinguish Shadowdark shortbow from longbow.","https://docs.google.com/spreadsheets/d/1ntoEmBH1AT6CWFz00dGHvN29rKW81Lik7MLHo4qpIjk/edit"
"Longsword","Diablo III","Amberwing","Sword","","Item name","Generic one-handed sword analogue; approximate.","https://eu.diablo3.blizzard.com/en-us/item/sword-1h/"
"Longsword","Diablo III","Ancient Sword","Sword","","Item name","Generic one-handed sword analogue; approximate.","https://eu.diablo3.blizzard.com/en-us/item/sword-1h/"
"Longsword","Diablo III","Azurewrath","Sword","","Item name","Generic one-handed sword analogue; approximate.","https://d4planner.io/items"
"Longsword","Diablo III","Blackguard","Sword","","Item name","Generic one-handed sword analogue; approximate.","https://eu.diablo3.blizzard.com/en-us/item/sword-2h/"
"Longsword","Diablo III","Blade of Prophecy","Sword","","Item name","Generic one-handed sword analogue; approximate.","https://eu.diablo3.blizzard.com/en-us/item/sword-2h/"
"Longsword","Diablo III","Blood Brother","Sword","","Item name","Generic one-handed sword analogue; approximate.","https://eu.diablo3.blizzard.com/en-us/item/sword-2h/"
"Longsword","Diablo III","Born's Furious Wrath","Sword","","Item name","Generic one-handed sword analogue; approximate.","https://eu.diablo3.blizzard.com/en-us/item/sword-1h/"
"Longsword","Diablo III","Born's Searing Spite","Sword","","Item name","Generic one-handed sword analogue; approximate.","https://eu.diablo3.blizzard.com/en-us/item/sword-1h/"
"Longsword","Diablo III","Brimstone Sword","Sword","","Item name","Generic one-handed sword analogue; approximate.","https://eu.diablo3.blizzard.com/en-us/item/sword-2h/"
"Longsword","Diablo III","Cam's Rebuttal","Sword","","Item name","Generic one-handed sword analogue; approximate.","https://eu.diablo3.blizzard.com/en-us/item/sword-2h/"
"Longsword","Diablo III","Conquest Sword","Sword","","Item name","Generic one-handed sword analogue; approximate.","https://eu.diablo3.blizzard.com/en-us/item/sword-1h/"
"Longsword","Diablo III","Corrupted Ashbringer","Sword","","Item name","Generic one-handed sword analogue; approximate.","https://eu.diablo3.blizzard.com/en-us/item/sword-2h/"
"Longsword","Diablo III","Deathwish","Sword","","Item name","Generic one-handed sword analogue; approximate.","https://eu.diablo3.blizzard.com/en-us/item/sword-1h/"
"Longsword","Diablo III","Dervish","Sword","","Item name","Generic one-handed sword analogue; approximate.","https://eu.diablo3.blizzard.com/en-us/item/sword-2h/"
"Longsword","Diablo III","Devil Tongue","Sword","","Item name","Generic one-handed sword analogue; approximate.","https://eu.diablo3.blizzard.com/en-us/item/sword-1h/"
"Longsword","Diablo III","Doombringer","Sword","","Item name","Generic one-handed sword analogue; approximate.","https://d4planner.io/items"
"Longsword","Diablo III","Exarian","Sword","","Item name","Generic one-handed sword analogue; approximate.","https://eu.diablo3.blizzard.com/en-us/item/sword-1h/"
"Longsword","Diablo III","Faithful Memory","Sword","","Item name","Generic one-handed sword analogue; approximate.","https://eu.diablo3.blizzard.com/en-us/item/sword-2h/"
"Longsword","Diablo III","Flamberge","Sword","","Item name","Generic one-handed sword analogue; approximate.","https://eu.diablo3.blizzard.com/en-us/item/sword-2h/"
"Longsword","Diablo III","Fulminator","Sword","","Item name","Generic one-handed sword analogue; approximate.","https://eu.diablo3.blizzard.com/en-us/item/sword-1h/"
"Longsword","Diablo III","Ghoul King's Blade","Sword","","Item name","Generic one-handed sword analogue; approximate.","https://eu.diablo3.blizzard.com/en-us/item/sword-1h/"
"Longsword","Diablo III","Gift of Silaria","Sword","","Item name","Generic one-handed sword analogue; approximate.","https://eu.diablo3.blizzard.com/en-us/item/sword-1h/"
"Longsword","Diablo III","God Butcher","Sword","","Item name","Generic one-handed sword analogue; approximate.","https://eu.diablo3.blizzard.com/en-us/item/sword-1h/"
"Longsword","Diablo III","Griswold's Edge","Sword","","Item name","Generic one-handed sword analogue; approximate.","https://eu.diablo3.blizzard.com/en-us/item/sword-1h/"
"Longsword","Diablo III","Griswold's Masterpiece","Sword","","Item name","Generic one-handed sword analogue; approximate.","https://eu.diablo3.blizzard.com/en-us/item/sword-1h/"
"Longsword","Diablo III","Griswold's Perfection","Sword","","Item name","Generic one-handed sword analogue; approximate.","https://eu.diablo3.blizzard.com/en-us/item/sword-1h/"
"Longsword","Diablo III","Griswold's Worn Edge","Sword","","Item name","Generic one-handed sword analogue; approximate.","https://eu.diablo3.blizzard.com/en-us/item/sword-1h/"
"Longsword","Diablo III","In-geom","Sword","","Item name","Generic one-handed sword analogue; approximate.","https://eu.diablo3.blizzard.com/en-us/item/sword-1h/"
"Longsword","Diablo III","King Blade","Sword","","Item name","Generic one-handed sword analogue; approximate.","https://eu.diablo3.blizzard.com/en-us/item/sword-1h/"
"Longsword","Diablo III","King's Sword of Haste","Sword","","Item name","Generic one-handed sword analogue; approximate.","https://eu.diablo3.blizzard.com/en-us/item/sword-1h/"
"Longsword","Diablo III","Kingslayer","Sword","","Item name","Generic one-handed sword analogue; approximate.","https://eu.diablo3.blizzard.com/en-us/item/sword-2h/"
"Longsword","Diablo III","Little Rogue","Sword","","Item name","Generic one-handed sword analogue; approximate.","https://eu.diablo3.blizzard.com/en-us/item/sword-1h/"
"Longsword","Diablo III","Maximus","Sword","","Item name","Generic one-handed sword analogue; approximate.","https://eu.diablo3.blizzard.com/en-us/item/sword-2h/"
"Longsword","Diablo III","Monster Hunter","Sword","","Item name","Generic one-handed sword analogue; approximate.","https://eu.diablo3.blizzard.com/en-us/item/sword-1h/"
"Longsword","Diablo III","Nagamaki","Sword","","Item name","Generic one-handed sword analogue; approximate.","https://eu.diablo3.blizzard.com/en-us/item/sword-2h/"
"Longsword","Diablo III","Oni Blade","Sword","","Item name","Generic one-handed sword analogue; approximate.","https://eu.diablo3.blizzard.com/en-us/item/sword-2h/"
"Longsword","Diablo III","Pirate Sword","Sword","","Item name","Generic one-handed sword analogue; approximate.","https://eu.diablo3.blizzard.com/en-us/item/sword-1h/"
"Longsword","Diablo III","Quinquennial Sword","Sword","","Item name","Generic one-handed sword analogue; approximate.","https://eu.diablo3.blizzard.com/en-us/item/sword-1h/"
"Longsword","Diablo III","Raid Sword","Sword","","Item name","Generic one-handed sword analogue; approximate.","https://eu.diablo3.blizzard.com/en-us/item/sword-1h/"
"Longsword","Diablo III","Rakanishu's Blade","Sword","","Item name","Generic one-handed sword analogue; approximate.","https://eu.diablo3.blizzard.com/en-us/item/sword-1h/"
"Longsword","Diablo III","Ramaladni's Magnum Opus","Sword","","Item name","Generic one-handed sword analogue; approximate.","https://d4planner.io/items"
"Longsword","Diablo III","Reaver","Sword","","Item name","Generic one-handed sword analogue; approximate.","https://eu.diablo3.blizzard.com/en-us/item/sword-2h/"
"Longsword","Diablo III","Rimeheart","Sword","","Item name","Generic one-handed sword analogue; approximate.","https://eu.diablo3.blizzard.com/en-us/item/sword-1h/"
"Longsword","Diablo III","Rune Sword","Sword","","Item name","Generic one-handed sword analogue; approximate.","https://eu.diablo3.blizzard.com/en-us/item/sword-1h/"
"Longsword","Diablo III","Scourge","Sword","","Item name","Generic one-handed sword analogue; approximate.","https://eu.diablo3.blizzard.com/en-us/item/sword-2h/"
"Longsword","Diablo III","Second Quinquennial Sword","Sword","","Item name","Generic one-handed sword analogue; approximate.","https://eu.diablo3.blizzard.com/en-us/item/sword-1h/"
"Longsword","Diablo III","Sever","Sword","","Item name","Generic one-handed sword analogue; approximate.","https://eu.diablo3.blizzard.com/en-us/item/sword-1h/"
"Longsword","Diablo III","Shard of Hate","Sword","","Item name","Generic one-handed sword analogue; approximate.","https://eu.diablo3.blizzard.com/en-us/item/sword-1h/"
"Longsword","Diablo III","Shard of Verathiel","Sword","","Item name","Generic one-handed sword analogue; approximate.","https://d4planner.io/items"
"Longsword","Diablo III","Shard of Verathiel / The Third Blade","Sword","","Item name","Generic one-handed sword analogue; approximate.","https://d4planner.io/items"
"Longsword","Diablo III","Skycutter","Sword","","Item name","Generic one-handed sword analogue; approximate.","https://eu.diablo3.blizzard.com/en-us/item/sword-1h/"
"Longsword","Diablo III","Spectrum","Sword","","Item name","Generic one-handed sword analogue; approximate.","https://eu.diablo3.blizzard.com/en-us/item/sword-1h/"
"Longsword","Diablo III","Splintered Oar","Sword","","Item name","Generic one-handed sword analogue; approximate.","https://eu.diablo3.blizzard.com/en-us/item/sword-2h/"
"Longsword","Diablo III","Stalgard's Decimator","Sword","","Item name","Generic one-handed sword analogue; approximate.","https://eu.diablo3.blizzard.com/en-us/item/sword-2h/"
"Longsword","Diablo III","Sword of Ill Will","Sword","","Item name","Generic one-handed sword analogue; approximate.","https://eu.diablo3.blizzard.com/en-us/item/sword-1h/"
"Longsword","Diablo III","Sword of Mediocrity","Sword","","Item name","Generic one-handed sword analogue; approximate.","https://eu.diablo3.blizzard.com/en-us/item/sword-1h/"
"Longsword","Diablo III","The Ancient Bonesaber of Zumakalis","Sword","","Item name","Generic one-handed sword analogue; approximate.","https://eu.diablo3.blizzard.com/en-us/item/sword-1h/"
"Longsword","Diablo III","The Grandfather","Sword","","Item name","Generic one-handed sword analogue; approximate.","https://eu.diablo3.blizzard.com/en-us/item/sword-2h/"
"Longsword","Diablo III","The Slanderer","Sword","","Item name","Generic one-handed sword analogue; approximate.","https://eu.diablo3.blizzard.com/en-us/item/sword-1h/"
"Longsword","Diablo III","The Sultan of Blinding Sand","Sword","","Item name","Generic one-handed sword analogue; approximate.","https://eu.diablo3.blizzard.com/en-us/item/sword-2h/"
"Longsword","Diablo III","The Third Blade","Sword","","Item name","Generic one-handed sword analogue; approximate.","https://d4planner.io/items"
"Longsword","Diablo III","The Twisted Sword","Sword","","Item name","Generic one-handed sword analogue; approximate.","https://eu.diablo3.blizzard.com/en-us/item/sword-1h/"
"Longsword","Diablo III","Thunderfury, Blessed Blade of the Windseeker","Sword","","Item name","Generic one-handed sword analogue; approximate.","https://eu.diablo3.blizzard.com/en-us/item/sword-1h/"
"Longsword","Diablo III","Tsunami Blade","Sword","","Item name","Generic one-handed sword analogue; approximate.","https://eu.diablo3.blizzard.com/en-us/item/sword-1h/"
"Longsword","Diablo III","Warmonger","Sword","","Item name","Generic one-handed sword analogue; approximate.","https://eu.diablo3.blizzard.com/en-us/item/sword-2h/"
"Longsword","Diablo III","Wildwood","Sword","","Item name","Generic one-handed sword analogue; approximate.","https://eu.diablo3.blizzard.com/en-us/item/sword-1h/"
"Longsword","Diablo IV","Broad Sword","Sword","Rare","Cosmetic/base style name","One-handed sword class; style may suit shortsword, longsword, or bastard sword.","https://docs.google.com/spreadsheets/d/1ntoEmBH1AT6CWFz00dGHvN29rKW81Lik7MLHo4qpIjk/edit"
"Longsword","Diablo IV","Carved Sword","Sword","Rare","Cosmetic/base style name","One-handed sword class; style may suit shortsword, longsword, or bastard sword.","https://docs.google.com/spreadsheets/d/1ntoEmBH1AT6CWFz00dGHvN29rKW81Lik7MLHo4qpIjk/edit"
"Longsword","Diablo IV","Doomblade","Sword","Rare","Cosmetic/base style name","One-handed sword class; style may suit shortsword, longsword, or bastard sword.","https://docs.google.com/spreadsheets/d/1ntoEmBH1AT6CWFz00dGHvN29rKW81Lik7MLHo4qpIjk/edit"
"Longsword","Diablo IV","Falchion","Sword","Magic","Cosmetic/base style name","One-handed sword class; style may suit shortsword, longsword, or bastard sword.","https://docs.google.com/spreadsheets/d/1ntoEmBH1AT6CWFz00dGHvN29rKW81Lik7MLHo4qpIjk/edit"
"Longsword","Diablo IV","Forgotten Sword","Sword","Rare","Cosmetic/base style name","One-handed sword class; style may suit shortsword, longsword, or bastard sword.","https://docs.google.com/spreadsheets/d/1ntoEmBH1AT6CWFz00dGHvN29rKW81Lik7MLHo4qpIjk/edit"
"Longsword","Diablo IV","Gladius","Sword","Magic","Cosmetic/base style name","One-handed sword class; style may suit shortsword, longsword, or bastard sword.","https://docs.google.com/spreadsheets/d/1ntoEmBH1AT6CWFz00dGHvN29rKW81Lik7MLHo4qpIjk/edit"
"Longsword","Diablo IV","Mangler","Sword","Rare","Cosmetic/base style name","One-handed sword class; style may suit shortsword, longsword, or bastard sword.","https://docs.google.com/spreadsheets/d/1ntoEmBH1AT6CWFz00dGHvN29rKW81Lik7MLHo4qpIjk/edit"
"Longsword","Diablo IV","Rune Blade","Sword","Rare","Cosmetic/base style name","One-handed sword class; style may suit shortsword, longsword, or bastard sword.","https://docs.google.com/spreadsheets/d/1ntoEmBH1AT6CWFz00dGHvN29rKW81Lik7MLHo4qpIjk/edit"
"Longsword","Diablo IV","Scimitar","Sword","Rare","Cosmetic/base style name","One-handed sword class; style may suit shortsword, longsword, or bastard sword.","https://docs.google.com/spreadsheets/d/1ntoEmBH1AT6CWFz00dGHvN29rKW81Lik7MLHo4qpIjk/edit"
"Longsword","Diablo IV","Short Sword (1)","Sword","Magic","Cosmetic/base style name","One-handed sword class; style may suit shortsword, longsword, or bastard sword.","https://docs.google.com/spreadsheets/d/1ntoEmBH1AT6CWFz00dGHvN29rKW81Lik7MLHo4qpIjk/edit"
"Longsword","Diablo IV","Short Sword (2)","Sword","Common","Cosmetic/base style name","One-handed sword class; style may suit shortsword, longsword, or bastard sword.","https://docs.google.com/spreadsheets/d/1ntoEmBH1AT6CWFz00dGHvN29rKW81Lik7MLHo4qpIjk/edit"
"Longsword","Diablo IV","War Sword","Sword","Rare","Cosmetic/base style name","One-handed sword class; style may suit shortsword, longsword, or bastard sword.","https://docs.google.com/spreadsheets/d/1ntoEmBH1AT6CWFz00dGHvN29rKW81Lik7MLHo4qpIjk/edit"
"Longsword","Diablo IV","Warbrand","Sword","Rare","Cosmetic/base style name","One-handed sword class; style may suit shortsword, longsword, or bastard sword.","https://docs.google.com/spreadsheets/d/1ntoEmBH1AT6CWFz00dGHvN29rKW81Lik7MLHo4qpIjk/edit"
"Mace","Diablo IV","Agitator","Flail","Rare","Cosmetic/base style name","Closest Shadowdark analogue based on Diablo weapon class; style name retained.","https://docs.google.com/spreadsheets/d/1ntoEmBH1AT6CWFz00dGHvN29rKW81Lik7MLHo4qpIjk/edit"
"Mace","Diablo IV","Bronzed Victor","Flail","Rare","Cosmetic/base style name","Closest Shadowdark analogue based on Diablo weapon class; style name retained.","https://docs.google.com/spreadsheets/d/1ntoEmBH1AT6CWFz00dGHvN29rKW81Lik7MLHo4qpIjk/edit"
"Mace","Diablo IV","Browbeater","Flail","Rare","Cosmetic/base style name","Closest Shadowdark analogue based on Diablo weapon class; style name retained.","https://docs.google.com/spreadsheets/d/1ntoEmBH1AT6CWFz00dGHvN29rKW81Lik7MLHo4qpIjk/edit"
"Mace","Diablo IV","Censer","Flail","Rare","Cosmetic/base style name","Closest Shadowdark analogue based on Diablo weapon class; style name retained.","https://docs.google.com/spreadsheets/d/1ntoEmBH1AT6CWFz00dGHvN29rKW81Lik7MLHo4qpIjk/edit"
"Mace","Diablo IV","Chain Mace","Flail","Common","Cosmetic/base style name","Closest Shadowdark analogue based on Diablo weapon class; style name retained.","https://docs.google.com/spreadsheets/d/1ntoEmBH1AT6CWFz00dGHvN29rKW81Lik7MLHo4qpIjk/edit"
"Mace","Diablo IV","Chainflange","Flail","Rare","Cosmetic/base style name","Closest Shadowdark analogue based on Diablo weapon class; style name retained.","https://docs.google.com/spreadsheets/d/1ntoEmBH1AT6CWFz00dGHvN29rKW81Lik7MLHo4qpIjk/edit"
"Mace","Diablo IV","Dread Flail","Flail","Magic","Cosmetic/base style name","Closest Shadowdark analogue based on Diablo weapon class; style name retained.","https://docs.google.com/spreadsheets/d/1ntoEmBH1AT6CWFz00dGHvN29rKW81Lik7MLHo4qpIjk/edit"
"Mace","Diablo IV","Fourblade","Flail","Rare","Cosmetic/base style name","Closest Shadowdark analogue based on Diablo weapon class; style name retained.","https://docs.google.com/spreadsheets/d/1ntoEmBH1AT6CWFz00dGHvN29rKW81Lik7MLHo4qpIjk/edit"
"Mace","Diablo IV","Meatgrinder","Flail","Rare","Cosmetic/base style name","Closest Shadowdark analogue based on Diablo weapon class; style name retained.","https://docs.google.com/spreadsheets/d/1ntoEmBH1AT6CWFz00dGHvN29rKW81Lik7MLHo4qpIjk/edit"
"Mace","Diablo IV","Star Flail","Flail","Rare","Cosmetic/base style name","Closest Shadowdark analogue based on Diablo weapon class; style name retained.","https://docs.google.com/spreadsheets/d/1ntoEmBH1AT6CWFz00dGHvN29rKW81Lik7MLHo4qpIjk/edit"
"Mace","Diablo IV","Stone Flail","Flail","Rare","Cosmetic/base style name","Closest Shadowdark analogue based on Diablo weapon class; style name retained.","https://docs.google.com/spreadsheets/d/1ntoEmBH1AT6CWFz00dGHvN29rKW81Lik7MLHo4qpIjk/edit"
"Mace","Diablo IV","Towerfell","Flail","Rare","Cosmetic/base style name","Closest Shadowdark analogue based on Diablo weapon class; style name retained.","https://docs.google.com/spreadsheets/d/1ntoEmBH1AT6CWFz00dGHvN29rKW81Lik7MLHo4qpIjk/edit"
"Mace","Diablo IV","Two-Section Flail","Flail","Rare","Cosmetic/base style name","Closest Shadowdark analogue based on Diablo weapon class; style name retained.","https://docs.google.com/spreadsheets/d/1ntoEmBH1AT6CWFz00dGHvN29rKW81Lik7MLHo4qpIjk/edit"
"Mace","Diablo IV","Club(1)","Mace","Magic","Cosmetic/base style name","Closest Shadowdark analogue based on Diablo weapon class; style name retained.","https://docs.google.com/spreadsheets/d/1ntoEmBH1AT6CWFz00dGHvN29rKW81Lik7MLHo4qpIjk/edit"
"Mace","Diablo IV","Club(2)","Mace","Rare","Cosmetic/base style name","Closest Shadowdark analogue based on Diablo weapon class; style name retained.","https://docs.google.com/spreadsheets/d/1ntoEmBH1AT6CWFz00dGHvN29rKW81Lik7MLHo4qpIjk/edit"
"Mace","Diablo IV","Club(3)","Mace","Common","Cosmetic/base style name","Closest Shadowdark analogue based on Diablo weapon class; style name retained.","https://docs.google.com/spreadsheets/d/1ntoEmBH1AT6CWFz00dGHvN29rKW81Lik7MLHo4qpIjk/edit"
"Mace","Diablo IV","Cudgel","Mace","Magic","Cosmetic/base style name","Closest Shadowdark analogue based on Diablo weapon class; style name retained.","https://docs.google.com/spreadsheets/d/1ntoEmBH1AT6CWFz00dGHvN29rKW81Lik7MLHo4qpIjk/edit"
"Mace","Diablo IV","Ironwood Club","Mace","Rare","Cosmetic/base style name","Closest Shadowdark analogue based on Diablo weapon class; style name retained.","https://docs.google.com/spreadsheets/d/1ntoEmBH1AT6CWFz00dGHvN29rKW81Lik7MLHo4qpIjk/edit"
"Mace","Diablo IV","Mace","Mace","Rare","Cosmetic/base style name","Closest Shadowdark analogue based on Diablo weapon class; style name retained.","https://docs.google.com/spreadsheets/d/1ntoEmBH1AT6CWFz00dGHvN29rKW81Lik7MLHo4qpIjk/edit"
"Mace","Diablo IV","Mace of Blazing Furor","Mace","Rare","Cosmetic/base style name","Closest Shadowdark analogue based on Diablo weapon class; style name retained.","https://docs.google.com/spreadsheets/d/1ntoEmBH1AT6CWFz00dGHvN29rKW81Lik7MLHo4qpIjk/edit"
"Mace","Diablo IV","Morningstar","Mace","Rare","Cosmetic/base style name","Closest Shadowdark analogue based on Diablo weapon class; style name retained.","https://docs.google.com/spreadsheets/d/1ntoEmBH1AT6CWFz00dGHvN29rKW81Lik7MLHo4qpIjk/edit"
"Mace","Diablo IV","Spiked Baton","Mace","Magic","Cosmetic/base style name","Closest Shadowdark analogue based on Diablo weapon class; style name retained.","https://docs.google.com/spreadsheets/d/1ntoEmBH1AT6CWFz00dGHvN29rKW81Lik7MLHo4qpIjk/edit"
"Mace","Diablo IV","Spiked Mace","Mace","Rare","Cosmetic/base style name","Closest Shadowdark analogue based on Diablo weapon class; style name retained.","https://docs.google.com/spreadsheets/d/1ntoEmBH1AT6CWFz00dGHvN29rKW81Lik7MLHo4qpIjk/edit"
"Mace","Diablo IV","Truncheon","Mace","Rare","Cosmetic/base style name","Closest Shadowdark analogue based on Diablo weapon class; style name retained.","https://docs.google.com/spreadsheets/d/1ntoEmBH1AT6CWFz00dGHvN29rKW81Lik7MLHo4qpIjk/edit"
"Mace","Diablo IV","Ward-Hammer","Mace","Rare","Cosmetic/base style name","Closest Shadowdark analogue based on Diablo weapon class; style name retained.","https://docs.google.com/spreadsheets/d/1ntoEmBH1AT6CWFz00dGHvN29rKW81Lik7MLHo4qpIjk/edit"
"Mace","Diablo IV","Billhook","Scythe","Rare","Cosmetic/base style name","Closest Shadowdark analogue based on Diablo weapon class; style name retained.","https://docs.google.com/spreadsheets/d/1ntoEmBH1AT6CWFz00dGHvN29rKW81Lik7MLHo4qpIjk/edit"
"Mace","Diablo IV","Bone Scythe (2)","Scythe","Rare","Cosmetic/base style name","Closest Shadowdark analogue based on Diablo weapon class; style name retained.","https://docs.google.com/spreadsheets/d/1ntoEmBH1AT6CWFz00dGHvN29rKW81Lik7MLHo4qpIjk/edit"
"Mace","Diablo IV","Flesh Sever","Scythe","Rare","Cosmetic/base style name","Closest Shadowdark analogue based on Diablo weapon class; style name retained.","https://docs.google.com/spreadsheets/d/1ntoEmBH1AT6CWFz00dGHvN29rKW81Lik7MLHo4qpIjk/edit"
"Mace","Diablo IV","Greater Scythe","Scythe","Rare","Cosmetic/base style name","Closest Shadowdark analogue based on Diablo weapon class; style name retained.","https://docs.google.com/spreadsheets/d/1ntoEmBH1AT6CWFz00dGHvN29rKW81Lik7MLHo4qpIjk/edit"
"Mace","Diablo IV","Hand Sickle","Scythe","Magic","Cosmetic/base style name","Closest Shadowdark analogue based on Diablo weapon class; style name retained.","https://docs.google.com/spreadsheets/d/1ntoEmBH1AT6CWFz00dGHvN29rKW81Lik7MLHo4qpIjk/edit"
"Mace","Diablo IV","Hooked Scythe","Scythe","Rare","Cosmetic/base style name","Closest Shadowdark analogue based on Diablo weapon class; style name retained.","https://docs.google.com/spreadsheets/d/1ntoEmBH1AT6CWFz00dGHvN29rKW81Lik7MLHo4qpIjk/edit"
"Mace","Diablo IV","Iron Scythe","Scythe","Rare","Cosmetic/base style name","Closest Shadowdark analogue based on Diablo weapon class; style name retained.","https://docs.google.com/spreadsheets/d/1ntoEmBH1AT6CWFz00dGHvN29rKW81Lik7MLHo4qpIjk/edit"
"Mace","Diablo IV","Kama","Scythe","Rare","Cosmetic/base style name","Closest Shadowdark analogue based on Diablo weapon class; style name retained.","https://docs.google.com/spreadsheets/d/1ntoEmBH1AT6CWFz00dGHvN29rKW81Lik7MLHo4qpIjk/edit"
"Mace","Diablo IV","Reaper","Scythe","Rare","Cosmetic/base style name","Closest Shadowdark analogue based on Diablo weapon class; style name retained.","https://docs.google.com/spreadsheets/d/1ntoEmBH1AT6CWFz00dGHvN29rKW81Lik7MLHo4qpIjk/edit"
"Mace","Diablo IV","Simple Scythe","Scythe","Common","Cosmetic/base style name","Closest Shadowdark analogue based on Diablo weapon class; style name retained.","https://docs.google.com/spreadsheets/d/1ntoEmBH1AT6CWFz00dGHvN29rKW81Lik7MLHo4qpIjk/edit"
"Mace","Diablo IV","War Sickle","Scythe","Rare","Cosmetic/base style name","Closest Shadowdark analogue based on Diablo weapon class; style name retained.","https://docs.google.com/spreadsheets/d/1ntoEmBH1AT6CWFz00dGHvN29rKW81Lik7MLHo4qpIjk/edit"
"Shortbow","Diablo III","Short Bow","Bow","","Item name","","https://eu.diablo3.blizzard.com/en-us/item/bow/"
"Shortsword","Diablo III","Cutlass","Sword","","Item name","Compact blade form indicated by name.","https://eu.diablo3.blizzard.com/en-us/item/sword-1h/"
"Shortsword","Diablo III","Dao","Sword","","Item name","Compact blade form indicated by name.","https://eu.diablo3.blizzard.com/en-us/item/sword-1h/"
"Shortsword","Diablo III","Falchion","Sword","","Item name","Compact blade form indicated by name.","https://eu.diablo3.blizzard.com/en-us/item/sword-1h/"
"Shortsword","Diablo III","Gladius","Sword","","Item name","Compact blade form indicated by name.","https://eu.diablo3.blizzard.com/en-us/item/sword-1h/"
"Shortsword","Diablo III","Kilij","Sword","","Item name","Compact blade form indicated by name.","https://eu.diablo3.blizzard.com/en-us/item/sword-2h/"
"Shortsword","Diablo III","Mameluke","Sword","","Item name","Compact blade form indicated by name.","https://eu.diablo3.blizzard.com/en-us/item/sword-2h/"
"Shortsword","Diablo III","Sabre","Sword","","Item name","Compact blade form indicated by name.","https://eu.diablo3.blizzard.com/en-us/item/sword-1h/"
"Shortsword","Diablo III","Saif","Sword","","Item name","Compact blade form indicated by name.","https://eu.diablo3.blizzard.com/en-us/item/sword-1h/"
"Shortsword","Diablo III","Scimitar","Sword","","Item name","Compact blade form indicated by name.","https://eu.diablo3.blizzard.com/en-us/item/sword-1h/"
"Shortsword","Diablo III","Shamshir","Sword","","Item name","Compact blade form indicated by name.","https://eu.diablo3.blizzard.com/en-us/item/sword-1h/"
"Shortsword","Diablo III","Short Sword","Sword","","Item name","Compact blade form indicated by name.","https://eu.diablo3.blizzard.com/en-us/item/sword-1h/"
"Shortsword","Diablo III","Spatha","Sword","","Item name","Compact blade form indicated by name.","https://eu.diablo3.blizzard.com/en-us/item/sword-1h/"
"Shortsword","Diablo III","Tulwar","Sword","","Item name","Compact blade form indicated by name.","https://eu.diablo3.blizzard.com/en-us/item/sword-1h/"
"Shortsword","Diablo III","Yatagan","Sword","","Item name","Compact blade form indicated by name.","https://eu.diablo3.blizzard.com/en-us/item/sword-2h/"
"Spear","Diablo IV","Basic Glaive","Glaive","Common","Cosmetic/base style name","Closest Shadowdark analogue based on Diablo weapon class; style name retained.","https://docs.google.com/spreadsheets/d/1ntoEmBH1AT6CWFz00dGHvN29rKW81Lik7MLHo4qpIjk/edit"
"Spear","Diablo IV","Carved Glaive","Glaive","Rare","Cosmetic/base style name","Closest Shadowdark analogue based on Diablo weapon class; style name retained.","https://docs.google.com/spreadsheets/d/1ntoEmBH1AT6CWFz00dGHvN29rKW81Lik7MLHo4qpIjk/edit"
"Spear","Diablo IV","Furrowed Glaive","Glaive","Rare","Cosmetic/base style name","Closest Shadowdark analogue based on Diablo weapon class; style name retained.","https://docs.google.com/spreadsheets/d/1ntoEmBH1AT6CWFz00dGHvN29rKW81Lik7MLHo4qpIjk/edit"
"Spear","Diablo IV","Hooked Glaive","Glaive","Magic","Cosmetic/base style name","Closest Shadowdark analogue based on Diablo weapon class; style name retained.","https://docs.google.com/spreadsheets/d/1ntoEmBH1AT6CWFz00dGHvN29rKW81Lik7MLHo4qpIjk/edit"
"Spear","Diablo IV","Lizardkiller Glaive","Glaive","Rare","Cosmetic/base style name","Closest Shadowdark analogue based on Diablo weapon class; style name retained.","https://docs.google.com/spreadsheets/d/1ntoEmBH1AT6CWFz00dGHvN29rKW81Lik7MLHo4qpIjk/edit"
"Spear","Diablo IV","Onyx Glaive","Glaive","Rare","Cosmetic/base style name","Closest Shadowdark analogue based on Diablo weapon class; style name retained.","https://docs.google.com/spreadsheets/d/1ntoEmBH1AT6CWFz00dGHvN29rKW81Lik7MLHo4qpIjk/edit"
"Spear","Diablo IV","Sawtooth Glaive","Glaive","Rare","Cosmetic/base style name","Closest Shadowdark analogue based on Diablo weapon class; style name retained.","https://docs.google.com/spreadsheets/d/1ntoEmBH1AT6CWFz00dGHvN29rKW81Lik7MLHo4qpIjk/edit"
"Spear","Diablo IV","Serrated Glaive","Glaive","Magic","Cosmetic/base style name","Closest Shadowdark analogue based on Diablo weapon class; style name retained.","https://docs.google.com/spreadsheets/d/1ntoEmBH1AT6CWFz00dGHvN29rKW81Lik7MLHo4qpIjk/edit"
"Spear","Diablo IV","Sharpened Glaive","Glaive","Rare","Cosmetic/base style name","Closest Shadowdark analogue based on Diablo weapon class; style name retained.","https://docs.google.com/spreadsheets/d/1ntoEmBH1AT6CWFz00dGHvN29rKW81Lik7MLHo4qpIjk/edit"
"Spear","Diablo IV","Tuned Glaive","Glaive","Rare","Cosmetic/base style name","Closest Shadowdark analogue based on Diablo weapon class; style name retained.","https://docs.google.com/spreadsheets/d/1ntoEmBH1AT6CWFz00dGHvN29rKW81Lik7MLHo4qpIjk/edit"
"Spear","Diablo IV","Bardiche","Polearm","Magic","Cosmetic/base style name","Closest Shadowdark analogue based on Diablo weapon class; style name retained.","https://docs.google.com/spreadsheets/d/1ntoEmBH1AT6CWFz00dGHvN29rKW81Lik7MLHo4qpIjk/edit"
"Spear","Diablo IV","Boar Spear","Polearm","Common","Cosmetic/base style name","Closest Shadowdark analogue based on Diablo weapon class; style name retained.","https://docs.google.com/spreadsheets/d/1ntoEmBH1AT6CWFz00dGHvN29rKW81Lik7MLHo4qpIjk/edit"
"Spear","Diablo IV","Carved Polearm","Polearm","Rare","Cosmetic/base style name","Closest Shadowdark analogue based on Diablo weapon class; style name retained.","https://docs.google.com/spreadsheets/d/1ntoEmBH1AT6CWFz00dGHvN29rKW81Lik7MLHo4qpIjk/edit"
"Spear","Diablo IV","Fauchard","Polearm","Rare","Cosmetic/base style name","Closest Shadowdark analogue based on Diablo weapon class; style name retained.","https://docs.google.com/spreadsheets/d/1ntoEmBH1AT6CWFz00dGHvN29rKW81Lik7MLHo4qpIjk/edit"
"Spear","Diablo IV","Hache","Polearm","Rare","Cosmetic/base style name","Closest Shadowdark analogue based on Diablo weapon class; style name retained.","https://docs.google.com/spreadsheets/d/1ntoEmBH1AT6CWFz00dGHvN29rKW81Lik7MLHo4qpIjk/edit"
"Spear","Diablo IV","Halberd","Polearm","Rare","Cosmetic/base style name","Closest Shadowdark analogue based on Diablo weapon class; style name retained.","https://docs.google.com/spreadsheets/d/1ntoEmBH1AT6CWFz00dGHvN29rKW81Lik7MLHo4qpIjk/edit"
"Spear","Diablo IV","Impaler","Polearm","Rare","Cosmetic/base style name","Closest Shadowdark analogue based on Diablo weapon class; style name retained.","https://docs.google.com/spreadsheets/d/1ntoEmBH1AT6CWFz00dGHvN29rKW81Lik7MLHo4qpIjk/edit"
"Spear","Diablo IV","Pike","Polearm","Rare","Cosmetic/base style name","Closest Shadowdark analogue based on Diablo weapon class; style name retained.","https://docs.google.com/spreadsheets/d/1ntoEmBH1AT6CWFz00dGHvN29rKW81Lik7MLHo4qpIjk/edit"
"Spear","Diablo IV","Poleaxe","Polearm","Rare","Cosmetic/base style name","Closest Shadowdark analogue based on Diablo weapon class; style name retained.","https://docs.google.com/spreadsheets/d/1ntoEmBH1AT6CWFz00dGHvN29rKW81Lik7MLHo4qpIjk/edit"
"Spear","Diablo IV","Rusted Bardiche","Polearm","Common","Cosmetic/base style name","Closest Shadowdark analogue based on Diablo weapon class; style name retained.","https://docs.google.com/spreadsheets/d/1ntoEmBH1AT6CWFz00dGHvN29rKW81Lik7MLHo4qpIjk/edit"
"Spear","Diablo IV","South Sea Trident","Polearm","Rare","Cosmetic/base style name","Closest Shadowdark analogue based on Diablo weapon class; style name retained.","https://docs.google.com/spreadsheets/d/1ntoEmBH1AT6CWFz00dGHvN29rKW81Lik7MLHo4qpIjk/edit"
"Spear","Diablo IV","Sword-Staff","Polearm","Rare","Cosmetic/base style name","Closest Shadowdark analogue based on Diablo weapon class; style name retained.","https://docs.google.com/spreadsheets/d/1ntoEmBH1AT6CWFz00dGHvN29rKW81Lik7MLHo4qpIjk/edit"
"Spear","Diablo IV","Trident","Polearm","Rare","Cosmetic/base style name","Closest Shadowdark analogue based on Diablo weapon class; style name retained.","https://docs.google.com/spreadsheets/d/1ntoEmBH1AT6CWFz00dGHvN29rKW81Lik7MLHo4qpIjk/edit"
"Staff","Diablo IV","Basic Quaterstaff","Quarterstaff","Common","Cosmetic/base style name","Closest Shadowdark analogue based on Diablo weapon class; style name retained.","https://docs.google.com/spreadsheets/d/1ntoEmBH1AT6CWFz00dGHvN29rKW81Lik7MLHo4qpIjk/edit"
"Staff","Diablo IV","Blanced Quarterstaff","Quarterstaff","Magic","Cosmetic/base style name","Closest Shadowdark analogue based on Diablo weapon class; style name retained.","https://docs.google.com/spreadsheets/d/1ntoEmBH1AT6CWFz00dGHvN29rKW81Lik7MLHo4qpIjk/edit"
"Staff","Diablo IV","Carved Quarterstaff","Quarterstaff","Rare","Cosmetic/base style name","Closest Shadowdark analogue based on Diablo weapon class; style name retained.","https://docs.google.com/spreadsheets/d/1ntoEmBH1AT6CWFz00dGHvN29rKW81Lik7MLHo4qpIjk/edit"
"Staff","Diablo IV","Elder Quarterstaff","Quarterstaff","Rare","Cosmetic/base style name","Closest Shadowdark analogue based on Diablo weapon class; style name retained.","https://docs.google.com/spreadsheets/d/1ntoEmBH1AT6CWFz00dGHvN29rKW81Lik7MLHo4qpIjk/edit"
"Staff","Diablo IV","Firstborn Quaterstaff","Quarterstaff","Rare","Cosmetic/base style name","Closest Shadowdark analogue based on Diablo weapon class; style name retained.","https://docs.google.com/spreadsheets/d/1ntoEmBH1AT6CWFz00dGHvN29rKW81Lik7MLHo4qpIjk/edit"
"Staff","Diablo IV","Heavy Quarterstaff","Quarterstaff","Rare","Cosmetic/base style name","Closest Shadowdark analogue based on Diablo weapon class; style name retained.","https://docs.google.com/spreadsheets/d/1ntoEmBH1AT6CWFz00dGHvN29rKW81Lik7MLHo4qpIjk/edit"
"Staff","Diablo IV","Honed Quarterstaff","Quarterstaff","Rare","Cosmetic/base style name","Closest Shadowdark analogue based on Diablo weapon class; style name retained.","https://docs.google.com/spreadsheets/d/1ntoEmBH1AT6CWFz00dGHvN29rKW81Lik7MLHo4qpIjk/edit"
"Staff","Diablo IV","Hooked Quaterstaff","Quarterstaff","Magic","Cosmetic/base style name","Closest Shadowdark analogue based on Diablo weapon class; style name retained.","https://docs.google.com/spreadsheets/d/1ntoEmBH1AT6CWFz00dGHvN29rKW81Lik7MLHo4qpIjk/edit"
"Staff","Diablo IV","Thorned Quarterstaff","Quarterstaff","Rare","Cosmetic/base style name","Closest Shadowdark analogue based on Diablo weapon class; style name retained.","https://docs.google.com/spreadsheets/d/1ntoEmBH1AT6CWFz00dGHvN29rKW81Lik7MLHo4qpIjk/edit"
"Staff","Diablo IV","Apothecary's Staff","Staff","Magic","Cosmetic/base style name","Closest Shadowdark analogue based on Diablo weapon class; style name retained.","https://docs.google.com/spreadsheets/d/1ntoEmBH1AT6CWFz00dGHvN29rKW81Lik7MLHo4qpIjk/edit"
"Staff","Diablo IV","Archon Staff","Staff","Rare","Cosmetic/base style name","Closest Shadowdark analogue based on Diablo weapon class; style name retained.","https://docs.google.com/spreadsheets/d/1ntoEmBH1AT6CWFz00dGHvN29rKW81Lik7MLHo4qpIjk/edit"
"Staff","Diablo IV","Battle Staff","Staff","Rare","Cosmetic/base style name","Closest Shadowdark analogue based on Diablo weapon class; style name retained.","https://docs.google.com/spreadsheets/d/1ntoEmBH1AT6CWFz00dGHvN29rKW81Lik7MLHo4qpIjk/edit"
"Staff","Diablo IV","Carved Staff","Staff","Rare","Cosmetic/base style name","Closest Shadowdark analogue based on Diablo weapon class; style name retained.","https://docs.google.com/spreadsheets/d/1ntoEmBH1AT6CWFz00dGHvN29rKW81Lik7MLHo4qpIjk/edit"
"Staff","Diablo IV","Cedar Staff","Staff","Rare","Cosmetic/base style name","Closest Shadowdark analogue based on Diablo weapon class; style name retained.","https://docs.google.com/spreadsheets/d/1ntoEmBH1AT6CWFz00dGHvN29rKW81Lik7MLHo4qpIjk/edit"
"Staff","Diablo IV","Cragstaff","Staff","Rare","Cosmetic/base style name","Closest Shadowdark analogue based on Diablo weapon class; style name retained.","https://docs.google.com/spreadsheets/d/1ntoEmBH1AT6CWFz00dGHvN29rKW81Lik7MLHo4qpIjk/edit"
"Staff","Diablo IV","Dragon Staff","Staff","Rare","Cosmetic/base style name","Closest Shadowdark analogue based on Diablo weapon class; style name retained.","https://docs.google.com/spreadsheets/d/1ntoEmBH1AT6CWFz00dGHvN29rKW81Lik7MLHo4qpIjk/edit"
"Staff","Diablo IV","Earth Staff","Staff","Rare","Cosmetic/base style name","Closest Shadowdark analogue based on Diablo weapon class; style name retained.","https://docs.google.com/spreadsheets/d/1ntoEmBH1AT6CWFz00dGHvN29rKW81Lik7MLHo4qpIjk/edit"
"Staff","Diablo IV","Elder Staff","Staff","Rare","Cosmetic/base style name","Closest Shadowdark analogue based on Diablo weapon class; style name retained.","https://docs.google.com/spreadsheets/d/1ntoEmBH1AT6CWFz00dGHvN29rKW81Lik7MLHo4qpIjk/edit"
"Staff","Diablo IV","Gothic Staff","Staff","Rare","Cosmetic/base style name","Closest Shadowdark analogue based on Diablo weapon class; style name retained.","https://docs.google.com/spreadsheets/d/1ntoEmBH1AT6CWFz00dGHvN29rKW81Lik7MLHo4qpIjk/edit"
"Staff","Diablo IV","Heartwood Staff","Staff","Rare","Cosmetic/base style name","Closest Shadowdark analogue based on Diablo weapon class; style name retained.","https://docs.google.com/spreadsheets/d/1ntoEmBH1AT6CWFz00dGHvN29rKW81Lik7MLHo4qpIjk/edit"
"Staff","Diablo IV","Horn Staff","Staff","Rare","Cosmetic/base style name","Closest Shadowdark analogue based on Diablo weapon class; style name retained.","https://docs.google.com/spreadsheets/d/1ntoEmBH1AT6CWFz00dGHvN29rKW81Lik7MLHo4qpIjk/edit"
"Staff","Diablo IV","Iron Walking Stick","Staff","Rare","Cosmetic/base style name","Closest Shadowdark analogue based on Diablo weapon class; style name retained.","https://docs.google.com/spreadsheets/d/1ntoEmBH1AT6CWFz00dGHvN29rKW81Lik7MLHo4qpIjk/edit"
"Staff","Diablo IV","Jo Staff","Staff","Rare","Cosmetic/base style name","Closest Shadowdark analogue based on Diablo weapon class; style name retained.","https://docs.google.com/spreadsheets/d/1ntoEmBH1AT6CWFz00dGHvN29rKW81Lik7MLHo4qpIjk/edit"
"Staff","Diablo IV","Medicine Staff","Staff","Rare","Cosmetic/base style name","Closest Shadowdark analogue based on Diablo weapon class; style name retained.","https://docs.google.com/spreadsheets/d/1ntoEmBH1AT6CWFz00dGHvN29rKW81Lik7MLHo4qpIjk/edit"
"Staff","Diablo IV","Monkey Staff","Staff","Rare","Cosmetic/base style name","Closest Shadowdark analogue based on Diablo weapon class; style name retained.","https://docs.google.com/spreadsheets/d/1ntoEmBH1AT6CWFz00dGHvN29rKW81Lik7MLHo4qpIjk/edit"
"Staff","Diablo IV","Rough Staff","Staff","Rare","Cosmetic/base style name","Closest Shadowdark analogue based on Diablo weapon class; style name retained.","https://docs.google.com/spreadsheets/d/1ntoEmBH1AT6CWFz00dGHvN29rKW81Lik7MLHo4qpIjk/edit"
"Staff","Diablo IV","Rune Staff","Staff","Rare","Cosmetic/base style name","Closest Shadowdark analogue based on Diablo weapon class; style name retained.","https://docs.google.com/spreadsheets/d/1ntoEmBH1AT6CWFz00dGHvN29rKW81Lik7MLHo4qpIjk/edit"
"Staff","Diablo IV","Spellstone Staff","Staff","Rare","Cosmetic/base style name","Closest Shadowdark analogue based on Diablo weapon class; style name retained.","https://docs.google.com/spreadsheets/d/1ntoEmBH1AT6CWFz00dGHvN29rKW81Lik7MLHo4qpIjk/edit"
"Staff","Diablo IV","Staff (D)","Staff","Magic","Cosmetic/base style name","Closest Shadowdark analogue based on Diablo weapon class; style name retained.","https://docs.google.com/spreadsheets/d/1ntoEmBH1AT6CWFz00dGHvN29rKW81Lik7MLHo4qpIjk/edit"
"Staff","Diablo IV","Staff (S)","Staff","Common","Cosmetic/base style name","Closest Shadowdark analogue based on Diablo weapon class; style name retained.","https://docs.google.com/spreadsheets/d/1ntoEmBH1AT6CWFz00dGHvN29rKW81Lik7MLHo4qpIjk/edit"
"Staff","Diablo IV","Tribal Staff","Staff","Magic","Cosmetic/base style name","Closest Shadowdark analogue based on Diablo weapon class; style name retained.","https://docs.google.com/spreadsheets/d/1ntoEmBH1AT6CWFz00dGHvN29rKW81Lik7MLHo4qpIjk/edit"
"Staff","Diablo IV","War Staff","Staff","Rare","Cosmetic/base style name","Closest Shadowdark analogue based on Diablo weapon class; style name retained.","https://docs.google.com/spreadsheets/d/1ntoEmBH1AT6CWFz00dGHvN29rKW81Lik7MLHo4qpIjk/edit"
"Staff","Diablo IV","Weathered Staff","Staff","Rare","Cosmetic/base style name","Closest Shadowdark analogue based on Diablo weapon class; style name retained.","https://docs.google.com/spreadsheets/d/1ntoEmBH1AT6CWFz00dGHvN29rKW81Lik7MLHo4qpIjk/edit"
"Staff","Diablo IV","Apprentice's Wand","Wand","Magic","Cosmetic/base style name","Closest Shadowdark analogue based on Diablo weapon class; style name retained.","https://docs.google.com/spreadsheets/d/1ntoEmBH1AT6CWFz00dGHvN29rKW81Lik7MLHo4qpIjk/edit"
"Staff","Diablo IV","Basic Wand","Wand","Rare","Cosmetic/base style name","Closest Shadowdark analogue based on Diablo weapon class; style name retained.","https://docs.google.com/spreadsheets/d/1ntoEmBH1AT6CWFz00dGHvN29rKW81Lik7MLHo4qpIjk/edit"
"Staff","Diablo IV","Battle Wand","Wand","Rare","Cosmetic/base style name","Closest Shadowdark analogue based on Diablo weapon class; style name retained.","https://docs.google.com/spreadsheets/d/1ntoEmBH1AT6CWFz00dGHvN29rKW81Lik7MLHo4qpIjk/edit"
"Staff","Diablo IV","Conjuration Wand","Wand","Rare","Cosmetic/base style name","Closest Shadowdark analogue based on Diablo weapon class; style name retained.","https://docs.google.com/spreadsheets/d/1ntoEmBH1AT6CWFz00dGHvN29rKW81Lik7MLHo4qpIjk/edit"
"Staff","Diablo IV","Duelist Wand","Wand","Rare","Cosmetic/base style name","Closest Shadowdark analogue based on Diablo weapon class; style name retained.","https://docs.google.com/spreadsheets/d/1ntoEmBH1AT6CWFz00dGHvN29rKW81Lik7MLHo4qpIjk/edit"
"Staff","Diablo IV","Enchanter Wand","Wand","Rare","Cosmetic/base style name","Closest Shadowdark analogue based on Diablo weapon class; style name retained.","https://docs.google.com/spreadsheets/d/1ntoEmBH1AT6CWFz00dGHvN29rKW81Lik7MLHo4qpIjk/edit"
"Staff","Diablo IV","Fecund Wand","Wand","Rare","Cosmetic/base style name","Closest Shadowdark analogue based on Diablo weapon class; style name retained.","https://docs.google.com/spreadsheets/d/1ntoEmBH1AT6CWFz00dGHvN29rKW81Lik7MLHo4qpIjk/edit"
"Staff","Diablo IV","Grave Wand","Wand","Rare","Cosmetic/base style name","Closest Shadowdark analogue based on Diablo weapon class; style name retained.","https://docs.google.com/spreadsheets/d/1ntoEmBH1AT6CWFz00dGHvN29rKW81Lik7MLHo4qpIjk/edit"
"Staff","Diablo IV","Iron Wand","Wand","Rare","Cosmetic/base style name","Closest Shadowdark analogue based on Diablo weapon class; style name retained.","https://docs.google.com/spreadsheets/d/1ntoEmBH1AT6CWFz00dGHvN29rKW81Lik7MLHo4qpIjk/edit"
"Staff","Diablo IV","Magus Wand","Wand","Rare","Cosmetic/base style name","Closest Shadowdark analogue based on Diablo weapon class; style name retained.","https://docs.google.com/spreadsheets/d/1ntoEmBH1AT6CWFz00dGHvN29rKW81Lik7MLHo4qpIjk/edit"
"Staff","Diablo IV","Mentor Wand","Wand","Rare","Cosmetic/base style name","Closest Shadowdark analogue based on Diablo weapon class; style name retained.","https://docs.google.com/spreadsheets/d/1ntoEmBH1AT6CWFz00dGHvN29rKW81Lik7MLHo4qpIjk/edit"
"Staff","Diablo IV","Oak Wand","Wand","Magic","Cosmetic/base style name","Closest Shadowdark analogue based on Diablo weapon class; style name retained.","https://docs.google.com/spreadsheets/d/1ntoEmBH1AT6CWFz00dGHvN29rKW81Lik7MLHo4qpIjk/edit"
"Staff","Diablo IV","Petrified Wand","Wand","Rare","Cosmetic/base style name","Closest Shadowdark analogue based on Diablo weapon class; style name retained.","https://docs.google.com/spreadsheets/d/1ntoEmBH1AT6CWFz00dGHvN29rKW81Lik7MLHo4qpIjk/edit"
"Staff","Diablo IV","Rudimentary Wand","Wand","Magic","Cosmetic/base style name","Closest Shadowdark analogue based on Diablo weapon class; style name retained.","https://docs.google.com/spreadsheets/d/1ntoEmBH1AT6CWFz00dGHvN29rKW81Lik7MLHo4qpIjk/edit"
"Staff","Diablo IV","Sabre Wand","Wand","Rare","Cosmetic/base style name","Closest Shadowdark analogue based on Diablo weapon class; style name retained.","https://docs.google.com/spreadsheets/d/1ntoEmBH1AT6CWFz00dGHvN29rKW81Lik7MLHo4qpIjk/edit"
"Staff","Diablo IV","Steel Wand","Wand","Rare","Cosmetic/base style name","Closest Shadowdark analogue based on Diablo weapon class; style name retained.","https://docs.google.com/spreadsheets/d/1ntoEmBH1AT6CWFz00dGHvN29rKW81Lik7MLHo4qpIjk/edit"
"Warhammer","Diablo IV","Demolisher","2H Mace","Rare","Cosmetic/base style name","Closest Shadowdark analogue based on Diablo weapon class; style name retained.","https://docs.google.com/spreadsheets/d/1ntoEmBH1AT6CWFz00dGHvN29rKW81Lik7MLHo4qpIjk/edit"
"Warhammer","Diablo IV","Dire Mace","2H Mace","Rare","Cosmetic/base style name","Closest Shadowdark analogue based on Diablo weapon class; style name retained.","https://docs.google.com/spreadsheets/d/1ntoEmBH1AT6CWFz00dGHvN29rKW81Lik7MLHo4qpIjk/edit"
"Warhammer","Diablo IV","Great Hammer","2H Mace","Rare","Cosmetic/base style name","Closest Shadowdark analogue based on Diablo weapon class; style name retained.","https://docs.google.com/spreadsheets/d/1ntoEmBH1AT6CWFz00dGHvN29rKW81Lik7MLHo4qpIjk/edit"
"Warhammer","Diablo IV","Great Maul","2H Mace","Rare","Cosmetic/base style name","Closest Shadowdark analogue based on Diablo weapon class; style name retained.","https://docs.google.com/spreadsheets/d/1ntoEmBH1AT6CWFz00dGHvN29rKW81Lik7MLHo4qpIjk/edit"
"Warhammer","Diablo IV","Greater Maul","2H Mace","Rare","Cosmetic/base style name","Closest Shadowdark analogue based on Diablo weapon class; style name retained.","https://docs.google.com/spreadsheets/d/1ntoEmBH1AT6CWFz00dGHvN29rKW81Lik7MLHo4qpIjk/edit"
"Warhammer","Diablo IV","Iron Mauler","2H Mace","Magic","Cosmetic/base style name","Closest Shadowdark analogue based on Diablo weapon class; style name retained.","https://docs.google.com/spreadsheets/d/1ntoEmBH1AT6CWFz00dGHvN29rKW81Lik7MLHo4qpIjk/edit"
"Warhammer","Diablo IV","Sharpened Mace","2H Mace","Rare","Cosmetic/base style name","Closest Shadowdark analogue based on Diablo weapon class; style name retained.","https://docs.google.com/spreadsheets/d/1ntoEmBH1AT6CWFz00dGHvN29rKW81Lik7MLHo4qpIjk/edit"
"Warhammer","Diablo IV","Silver Maul","2H Mace","Rare","Cosmetic/base style name","Closest Shadowdark analogue based on Diablo weapon class; style name retained.","https://docs.google.com/spreadsheets/d/1ntoEmBH1AT6CWFz00dGHvN29rKW81Lik7MLHo4qpIjk/edit"
"Warhammer","Diablo IV","Skull Crusher","2H Mace","Magic","Cosmetic/base style name","Closest Shadowdark analogue based on Diablo weapon class; style name retained.","https://docs.google.com/spreadsheets/d/1ntoEmBH1AT6CWFz00dGHvN29rKW81Lik7MLHo4qpIjk/edit"
"Warhammer","Diablo IV","Sledge Hammer","2H Mace","Rare","Cosmetic/base style name","Closest Shadowdark analogue based on Diablo weapon class; style name retained.","https://docs.google.com/spreadsheets/d/1ntoEmBH1AT6CWFz00dGHvN29rKW81Lik7MLHo4qpIjk/edit"
"Warhammer","Diablo IV","Two-Handed Hammer (1)","2H Mace","Common","Cosmetic/base style name","Closest Shadowdark analogue based on Diablo weapon class; style name retained.","https://docs.google.com/spreadsheets/d/1ntoEmBH1AT6CWFz00dGHvN29rKW81Lik7MLHo4qpIjk/edit"
"Warhammer","Diablo IV","Two-Handed Hammer (2)","2H Mace","Common","Cosmetic/base style name","Closest Shadowdark analogue based on Diablo weapon class; style name retained.","https://docs.google.com/spreadsheets/d/1ntoEmBH1AT6CWFz00dGHvN29rKW81Lik7MLHo4qpIjk/edit"
"Warhammer","Diablo IV","War Hammer","2H Mace","Rare","Cosmetic/base style name","Closest Shadowdark analogue based on Diablo weapon class; style name retained.","https://docs.google.com/spreadsheets/d/1ntoEmBH1AT6CWFz00dGHvN29rKW81Lik7MLHo4qpIjk/edit"
"Warhammer","Diablo IV","War Mallet","2H Mace","Rare","Cosmetic/base style name","Closest Shadowdark analogue based on Diablo weapon class; style name retained.","https://docs.google.com/spreadsheets/d/1ntoEmBH1AT6CWFz00dGHvN29rKW81Lik7MLHo4qpIjk/edit"
"Warhammer","Diablo IV","Compassion","2H Scythe","Rare","Cosmetic/base style name","Closest Shadowdark analogue based on Diablo weapon class; style name retained.","https://docs.google.com/spreadsheets/d/1ntoEmBH1AT6CWFz00dGHvN29rKW81Lik7MLHo4qpIjk/edit"
"Warhammer","Diablo IV","Forgotten Scythe","2H Scythe","Rare","Cosmetic/base style name","Closest Shadowdark analogue based on Diablo weapon class; style name retained.","https://docs.google.com/spreadsheets/d/1ntoEmBH1AT6CWFz00dGHvN29rKW81Lik7MLHo4qpIjk/edit"
"Warhammer","Diablo IV","Grave Striker","2H Scythe","Rare","Cosmetic/base style name","Closest Shadowdark analogue based on Diablo weapon class; style name retained.","https://docs.google.com/spreadsheets/d/1ntoEmBH1AT6CWFz00dGHvN29rKW81Lik7MLHo4qpIjk/edit"
"Warhammer","Diablo IV","Heavy Scythe","2H Scythe","Magic","Cosmetic/base style name","Closest Shadowdark analogue based on Diablo weapon class; style name retained.","https://docs.google.com/spreadsheets/d/1ntoEmBH1AT6CWFz00dGHvN29rKW81Lik7MLHo4qpIjk/edit"
"Warhammer","Diablo IV","Proudshear","2H Scythe","Rare","Cosmetic/base style name","Closest Shadowdark analogue based on Diablo weapon class; style name retained.","https://docs.google.com/spreadsheets/d/1ntoEmBH1AT6CWFz00dGHvN29rKW81Lik7MLHo4qpIjk/edit"
"Warhammer","Diablo IV","Reaping Scythe","2H Scythe","Rare","Cosmetic/base style name","Closest Shadowdark analogue based on Diablo weapon class; style name retained.","https://docs.google.com/spreadsheets/d/1ntoEmBH1AT6CWFz00dGHvN29rKW81Lik7MLHo4qpIjk/edit"
"Warhammer","Diablo IV","Scythe","2H Scythe","Common","Cosmetic/base style name","Closest Shadowdark analogue based on Diablo weapon class; style name retained.","https://docs.google.com/spreadsheets/d/1ntoEmBH1AT6CWFz00dGHvN29rKW81Lik7MLHo4qpIjk/edit"
"Warhammer","Diablo IV","Sharpened Scythe","2H Scythe","Rare","Cosmetic/base style name","Closest Shadowdark analogue based on Diablo weapon class; style name retained.","https://docs.google.com/spreadsheets/d/1ntoEmBH1AT6CWFz00dGHvN29rKW81Lik7MLHo4qpIjk/edit"
"Warhammer","Diablo IV","Silver Gouger","2H Scythe","Rare","Cosmetic/base style name","Closest Shadowdark analogue based on Diablo weapon class; style name retained.","https://docs.google.com/spreadsheets/d/1ntoEmBH1AT6CWFz00dGHvN29rKW81Lik7MLHo4qpIjk/edit"
"Warhammer","Diablo IV","Skull Reaper","2H Scythe","Rare","Cosmetic/base style name","Closest Shadowdark analogue based on Diablo weapon class; style name retained.","https://docs.google.com/spreadsheets/d/1ntoEmBH1AT6CWFz00dGHvN29rKW81Lik7MLHo4qpIjk/edit"
"Warhammer","Diablo IV","Steel Scythe","2H Scythe","Rare","Cosmetic/base style name","Closest Shadowdark analogue based on Diablo weapon class; style name retained.","https://docs.google.com/spreadsheets/d/1ntoEmBH1AT6CWFz00dGHvN29rKW81Lik7MLHo4qpIjk/edit"
"Warhammer","Diablo IV","The End","2H Scythe","Rare","Cosmetic/base style name","Closest Shadowdark analogue based on Diablo weapon class; style name retained.","https://docs.google.com/spreadsheets/d/1ntoEmBH1AT6CWFz00dGHvN29rKW81Lik7MLHo4qpIjk/edit"
"Warhammer","Diablo IV","Weathered Scythe","2H Scythe","Rare","Cosmetic/base style name","Closest Shadowdark analogue based on Diablo weapon class; style name retained.","https://docs.google.com/spreadsheets/d/1ntoEmBH1AT6CWFz00dGHvN29rKW81Lik7MLHo4qpIjk/edit"
